Date,Home Team,Home Score,Away Team,Away Score
2013-08-03,Rock Port,2,Mound City,1
2013-08-27,Perryville,2,Central (Cape Girardeau),0
2013-08-27,Stockton,0,Lockwood,2
2013-08-27,William Chrisman,2,Oak Grove,0
2013-08-27,Raytown South,1,Oak Grove,1
2013-08-27,Raytown,2,Oak Grove,0
2013-08-28,Kirkwood,2,Marquette,0
2013-08-29,Union,2,Ava,0
2013-08-29,Camdenton,2,Bolivar,1
2013-08-29,Hillcrest,0,Central (Springfield),2
2013-08-29,Battle,0,Fulton,2
2013-08-29,Skyline,0,Windsor,2
2013-08-30,Meadow Heights,0,Advance,2
2013-08-30,Ursuline Academy,2,Barat Academy,0
2013-08-30,Chamois,0,Belle,2
2013-08-30,Woodland,2,Central (Cape Girardeau),0
2013-08-30,Senath-Hornersville,1,Clarkton,2
2013-08-30,Hancock,2,Cleveland NJROTC,1
2013-08-30,New Haven,2,Father Tolton,0
2013-08-30,Hickman,0,Fatima,2
2013-08-30,Timberland,2,Ft. Zumwalt South,0
2013-08-30,McCluer North,2,Maplewood-Richmond Hts.,0
2013-08-30,Northwest (Cedar Hill),2,Oakville,0
2013-08-30,Cor Jesu Academy,0,Parkway West,2
2013-08-30,Affton,2,Rockwood Summit,0
2013-08-30,Jefferson City,0,St. Joseph's Academy,2
2013-08-30,Marquette,2,Washington,0
2013-08-30,Glendale,2,Waynesville,0
2013-08-31,Rock Port,2,Mound City,1
2013-08-31,St. Joseph Christian,0,Mound City,2
2013-08-31,St. Joseph Christian,1,Richland (Essex),2
2013-09-02,Camdenton,2,Bolivar,1
2013-09-02,Webb City,0,Festus,2
2013-09-02,Parkway South,2,Rockwood Summit,0
2013-09-02,William Chrisman,0,St. Charles,2
2013-09-02,Summit Christian Academy,2,Versailles,0
2013-09-02,Montgomery County,0,Warrenton,2
2013-09-03,Saxony Lutheran,2,Advance,0
2013-09-03,Leopold,2,Advance,0
2013-09-03,Woodland,1,Advance,1
2013-09-03,Bayless,0,Affton,2
2013-09-03,Maplewood-Richmond Hts.,0,Affton,2
2013-09-03,Windsor (Imperial),2,Affton,0
2013-09-03,Pembroke Hill,2,Archie,0
2013-09-03,Miller,0,Ash Grove,2
2013-09-03,Neosho,2,Aurora,0
2013-09-03,Maplewood-Richmond Hts.,0,Bayless,2
2013-09-03,Windsor (Imperial),2,Bayless,0
2013-09-03,New Haven,2,Belle,0
2013-09-03,Grandview,0,Belton,2
2013-09-03,Principia,0,Bishop DuBourg,2
2013-09-03,Mid-Buchanan,0,Bishop LeBlond,2
2013-09-03,Linn,0,Blair Oaks,2
2013-09-03,Cassville,2,Blue Eye,1
2013-09-03,O'Hara,0,Blue Springs South,2
2013-09-03,Warrenton,2,Bowling Green,0
2013-09-03,Hollister,0,Branson,2
2013-09-03,Wright City,2,Bunker,0
2013-09-03,Eugene,0,California,2
2013-09-03,St. Dominic,2,Cardinal Ritter,0
2013-09-03,Joplin,0,Carl Junction,2
2013-09-03,Perryville,2,Central (Cape Girardeau),0
2013-09-03,Southeast,0,Central (Kansas City),2
2013-09-03,Gideon,2,Central (New Madrid County),1
2013-09-03,Fulton,1,Centralia,2
2013-09-03,Caruthersville,0,Charleston,2
2013-09-03,Cooter,2,Clarkton,0
2013-09-03,Savannah,2,Clinton,0
2013-09-03,Pierce City,2,Crane,1
2013-09-03,Smithton,0,Crest Ridge,2
2013-09-03,Ste. Genevieve,2,Crystal City,0
2013-09-03,McAuley Catholic,0,Diamond,2
2013-09-03,St. Joseph's Academy,2,Duchesne,1
2013-09-03,Butler,0,El Dorado Springs,2
2013-09-03,Camdenton,0,Eldon,2
2013-09-03,West County,2,Ellington,0
2013-09-03,Clearwater,1,Eminence,2
2013-09-03,Richmond,0,Excelsior Springs,2
2013-09-03,Webb City,0,Festus,2
2013-09-03,Cabool,2,Fordland,0
2013-09-03,St. Charles,2,Fort Osage,1
2013-09-03,Seckman,1,Fox,2
2013-09-03,Troy Buchanan,0,Francis Howell,2
2013-09-03,Timberland,2,Francis Howell Central,0
2013-09-03,Francis Howell North,2,Ft. Zumwalt South,0
2013-09-03,Bradleyville,1,Galena,2
2013-09-03,Ozark,2,Glendale,1
2013-09-03,Bloomfield,0,Greenville,2
2013-09-03,Bishop DuBourg,2,Hancock,0
2013-09-03,Valley Park,2,Hancock,0
2013-09-03,Principia,2,Hancock,0
2013-09-03,Platte County,2,Harrisonville,0
2013-09-03,Cole Camp,0,Holden,2
2013-09-03,Ft. Zumwalt West,2,Holt,0
2013-09-03,Verona,2,Hurley,0
2013-09-03,St. Vincent,0,Jackson,2
2013-09-03,Rock Bridge,2,Jefferson City,0
2013-09-03,Riverview Gardens,0,Jennings,2
2013-09-03,Lutheran North,0,John Burroughs,2
2013-09-03,Ladue Horton Watkins,2,John F. Kennedy,0
2013-09-03,Viburnum,0,Kingston,2
2013-09-03,La Monte,2,Kingsville,1
2013-09-03,Marshall,2,Kirksville,0
2013-09-03,Lathrop,0,Lafayette (St. Joseph),2
2013-09-03,St. Joseph's Academy,1,Lafayette (Wildwood),2
2013-09-03,Drexel,2,Lakeland,0
2013-09-03,St. Teresa's Academy,2,Lee's Summit,0
2013-09-03,Saxony Lutheran,2,Leopold,0
2013-09-03,Woodland,2,Leopold,0
2013-09-03,Bronaugh,0,Liberal,2
2013-09-03,Park Hill,0,Liberty,2
2013-09-03,Central (St. Joseph),0,Liberty North,2
2013-09-03,Parkway West,2,Lindbergh,0
2013-09-03,Kickapoo,0,Logan-Rogersville,2
2013-09-03,Orchard Farm,0,Lutheran St. Charles,2
2013-09-03,Hayti,1,Malden,2
2013-09-03,Windsor,2,Maplewood-Richmond Hts.,0
2013-09-03,Bishop DuBourg,2,Maplewood-Richmond Hts.,0
2013-09-03,Windsor (Imperial),2,Maplewood-Richmond Hts.,0
2013-09-03,Lebanon,0,Marshfield,2
2013-09-03,East Buchanan,0,Maryville,2
2013-09-03,University City,0,McCluer North,2
2013-09-03,Southern Boone,2,Mexico,0
2013-09-03,Clayton,0,MICDS,2
2013-09-03,Lone Jack,0,Midway,2
2013-09-03,Reeds Spring,2,Mt. Vernon,0
2013-09-03,Carthage,2,Nevada,0
2013-09-03,South Iron,0,North County,2
2013-09-03,Summersville,2,North Pemiscot,0
2013-09-03,St. James,2,North Platte,1
2013-09-03,Hazelwood East,2,North Technical,1
2013-09-03,Ursuline Academy,2,Notre Dame (St. Louis),0
2013-09-03,Lafayette County,2,Oak Grove,0
2013-09-03,Winnetonka,0,Oak Park,2
2013-09-03,Warrensburg,0,Odessa,2
2013-09-03,Bourbon,0,Owensville,2
2013-09-03,Kearney,0,Park Hill South,2
2013-09-03,Central (Springfield),2,Parkview,1
2013-09-03,Ft. Zumwalt East,2,Parkway Central,0
2013-09-03,Hazelwood West,0,Parkway North,2
2013-09-03,Puxico,0,Poplar Bluff,2
2013-09-03,William Chrisman,0,Raymore-Peculiar,2
2013-09-03,Ruskin,0,Raytown,2
2013-09-03,Delta (Deering),0,Risco,2
2013-09-03,Parkway South,2,Rockwood Summit,0
2013-09-03,Hallsville,2,Sarcoxie,0
2013-09-03,Carrollton,0,Santa Fe,2
2013-09-03,West Platte,0,Savannah,2
2013-09-03,Grandview (Hillsboro),2,Seneca,0
2013-09-03,Golden City,2,Sheldon,0
2013-09-03,Bernie,2,Sikeston,0
2013-09-03,St. Pius X (Kansas City),2,Sparta,0
2013-09-03,Forsyth,0,Union,2
2013-09-03,Ava,1,Springfield Catholic,2
2013-09-03,Ft. Zumwalt North,2,St. Charles West,0
2013-09-03,Salem,0,St. James,2
2013-09-03,Osage,2,Willard,0
2013-09-03,Spokane,1,Winona,2
2013-09-03,Raytown South,0,Summit Christian Academy,2
2013-09-03,Richland (Essex),0,St. Clair,2
2013-09-03,Potosi,1,Tarkio,2
2013-09-03,Center,2,University Academy Charter,1
2013-09-03,Lesterville,2,Valley,0
2013-09-03,Bishop DuBourg,2,Valley Park,0
2013-09-03,Principia,2,Valley Park,0
2013-09-03,Osceola,2,Warsaw,0
2013-09-03,Helias Catholic,2,Waynesville,0
2013-09-03,Northwest (Cedar Hill),2,Webster Groves,1
2013-09-03,Whitfield,0,Westminster Christian Academy,2
2013-09-03,Buffalo,0,Willard,2
2013-09-03,Hillcrest,2,Willow Springs,1
2013-09-03,Saxony Lutheran,0,Woodland,2
2013-09-04,Valley Park,0,Affton,2
2013-09-04,Veritas Christian Academy,1,Barat Academy,2
2013-09-04,Principia,2,Bayless,0
2013-09-04,Hancock,0,Bayless,2
2013-09-04,Maplewood-Richmond Hts.,2,Bayless,1
2013-09-04,Crossroads College Preparatory,2,Brentwood,1
2013-09-04,Trinity Catholic,2,Cardinal Ritter,0
2013-09-04,Webster Groves,0,Cor Jesu Academy,2
2013-09-04,St. Charles West,1,Duchesne,2
2013-09-04,Rockwood Summit,0,Eureka,2
2013-09-04,Lift for Life Academy Charter,1,Gateway,2
2013-09-04,Windsor,2,Hancock,0
2013-09-04,Windsor (Imperial),2,Hancock,0
2013-09-04,Normandy Collaborative,0,Hazelwood East,2
2013-09-04,Villa Duchesne,2,Incarnate Word Academy,0
2013-09-04,Oran,1,Kennett,2
2013-09-04,Marquette,0,Lafayette (Wildwood),2
2013-09-04,Liberty,2,Lee's Summit North,1
2013-09-04,Raytown,0,Liberty North,2
2013-09-04,Notre Dame (St. Louis),0,Lutheran South,2
2013-09-04,Valley Park,0,Maplewood-Richmond Hts.,2
2013-09-04,Bishop DuBourg,2,Maplewood-Richmond Hts.,0
2013-09-04,Valley,2,Marquand-Zion,0
2013-09-04,Visitation Academy,2,Nerinx Hall,1
2013-09-04,Cuba,0,New Haven,2
2013-09-04,Park Hill,2,North Kansas City,1
2013-09-04,Barstow,0,Notre Dame de Sion,2
2013-09-04,Kirkwood,2,Pattonville,0
2013-09-04,Summit Christian Academy,0,Pleasant Hill,2
2013-09-04,Riverview Gardens,1,Roosevelt,2
2013-09-04,St. Dominic,2,Springfield Catholic,1
2013-09-04,Montgomery County,0,Warrenton,2
2013-09-04,Francis Howell Central,2,Washington,0
2013-09-04,St. Charles,0,Winfield,2
2013-09-05,Miami (Amoret),0,Adrian,2
2013-09-05,Drexel,2,Adrian,0
2013-09-05,Bishop DuBourg,2,Affton,0
2013-09-05,Principia,1,Affton,2
2013-09-05,Spokane,2,Ava,0
2013-09-05,Sheldon,0,Ballard,2
2013-09-05,Lutheran St. Charles,2,Barat Academy,1
2013-09-05,University Academy Charter,0,Barstow,2
2013-09-05,Tarkio,2,Battle,0
2013-09-05,Maplewood-Richmond Hts.,2,Bayless,1
2013-09-05,Zalma,1,Bell City,1
2013-09-05,Oak Ridge,1,Bell City,1
2013-09-05,Meadow Heights,1,Bell City,1
2013-09-05,Raytown South,0,Belton,2
2013-09-05,Crystal City,0,Bismarck,2
2013-09-05,Osage,0,Blair Oaks,2
2013-09-05,Lee's Summit West,2,Blue Springs,1
2013-09-05,California,2,Boonville,0
2013-09-05,Wright City,2,Bowling Green,0
2013-09-05,School of the Ozarks,0,Bradleyville,0
2013-09-05,Ballard,0,Bronaugh,2
2013-09-05,Sheldon,0,Bronaugh,2
2013-09-05,Branson,0,Buffalo,2
2013-09-05,Midway,2,Butler,0
2013-09-05,Belle,2,Calvary Lutheran,1
2013-09-05,Lawson,0,Cameron,2
2013-09-05,Normandy Collaborative,0,Cardinal Ritter,2
2013-09-05,Republic,0,Carl Junction,2
2013-09-05,El Dorado Springs,0,Carthage,2
2013-09-05,Monett,0,Central (Springfield),2
2013-09-05,Trenton,0,Chillicothe,2
2013-09-05,Fair Grove,2,Clever,0
2013-09-05,Bolivar,2,Clinton,0
2013-09-05,Campbell,0,Cooter,2
2013-09-05,Fordland,0,Crane,3
2013-09-05,East (Kansas City),0,Cristo Rey,2
2013-09-05,North Pemiscot,2,Delta (Deering),0
2013-09-05,Jackson,0,Dexter,2
2013-09-05,Miami (Amoret),0,Drexel,2
2013-09-05,Warsaw,0,Eldon,2
2013-09-05,Southern Boone,2,Eugene,0
2013-09-05,Pleasant Hope,2,Everton,0
2013-09-05,Notre Dame (Cape Girardeau),2,Farmington,1
2013-09-05,Chamois,0,Fatima,2
2013-09-05,Festus,2,Fox,0
2013-09-05,Troy Buchanan,2,Francis Howell North,1
2013-09-05,South Iron,2,Fredericktown,0
2013-09-05,Washington,2,Ft. Zumwalt East,1
2013-09-05,Holt,2,Ft. Zumwalt North,0
2013-09-05,Francis Howell,2,Ft. Zumwalt West,1
2013-09-05,Marshall,0,Fulton,2
2013-09-05,Richland (Essex),0,Gideon,2
2013-09-05,Raytown,2,Grandview,0
2013-09-05,Centralia,2,Hallsville,0
2013-09-05,Nevada,0,Harrisonville,2
2013-09-05,Lebanon,1,Helias Catholic,2
2013-09-05,Jefferson City,2,Hermann,1
2013-09-05,Mt. Vernon,0,Hollister,2
2013-09-05,Valley,0,Jefferson (Festus),2
2013-09-05,Neosho,0,Joplin,2
2013-09-05,Bourbon,1,Kingston,2
2013-09-05,Windsor,2,Kingsville,0
2013-09-05,Mexico,2,Kirksville,1
2013-09-05,Lee's Summit,0,Lee's Summit North,2
2013-09-05,Arcadia Valley,0,Lesterville,2
2013-09-05,Willow Springs,1,Liberty (Mountain View),2
2013-09-05,Winona,2,Licking,0
2013-09-05,Southwest Early College,1,Lincoln College Prep,2
2013-09-05,Owensville,2,Linn,0
2013-09-05,Rich Hill,0,Lutheran (Kansas City),2
2013-09-05,Lutheran North,0,Lutheran South,2
2013-09-05,Summersville,2,Malden,0
2013-09-05,Jasper,2,McAuley Catholic,0
2013-09-05,Zalma,1,Meadow Heights,1
2013-09-05,Oak Ridge,0,Meadow Heights,2
2013-09-05,St. James,0,Mound City,2
2013-09-05,Logan-Rogersville,2,Mountain Grove,0
2013-09-05,Glendale,2,Nixa,0
2013-09-05,Rock Port,2,Nodaway-Holt,0
2013-09-05,Richmond,0,Oak Grove,2
2013-09-05,Zalma,0,Oak Ridge,2
2013-09-05,Seckman,0,Oakville,2
2013-09-05,Warrenton,2,Orchard Farm,0
2013-09-05,Plattsburg,2,Penney,0
2013-09-05,Holden,0,Pleasant Hill,2
2013-09-05,St. Clair,2,Potosi,1
2013-09-05,Blue Eye,0,Purdy,2
2013-09-05,Seneca,0,Reeds Spring,2
2013-09-05,Clarkton,2,Risco,0
2013-09-05,North Technical,2,Riverview Gardens,0
2013-09-05,O'Hara,0,Rock Bridge,2
2013-09-05,St. Dominic,2,Springfield Catholic,1
2013-09-05,Fort Osage,2,Ruskin,0
2013-09-05,Willard,2,Sarcoxie,0
2013-09-05,Pacific,2,Salem,0
2013-09-05,Pierce City,2,Sarcoxie,0
2013-09-05,Mid-Buchanan,0,Savannah,2
2013-09-05,Knob Noster,1,Sherwood,2
2013-09-05,Lincoln,0,Skyline,2
2013-09-05,Odessa,0,Savannah,2
2013-09-05,Staley,2,Sparta,0
2013-09-05,Hogan Prep Academy Charter,2,Southeast,0
2013-09-05,Holcomb,2,Sweet Springs,0
2013-09-05,Aurora,0,Springfield Catholic,2
2013-09-05,Lafayette County,0,St. Paul Lutheran (Concordia),2
2013-09-05,Platte County,2,St. Pius X (Kansas City),1
2013-09-05,Raymore-Peculiar,0,St. Teresa's Academy,2
2013-09-05,Lamar,2,Stockton,1
2013-09-05,Forsyth,2,Winona,0
2013-09-05,Thayer,0,Wright City,2
2013-09-05,Miller,2,Thomas Jefferson Independent Day,0
2013-09-05,Golden City,0,Verona,2
2013-09-05,Tipton,2,Versailles,0
2013-09-05,Eminence,2,Viburnum,0
2013-09-05,Cor Jesu Academy,0,Visitation Academy,2
2013-09-05,Grain Valley,2,Warrensburg,0
2013-09-05,Marshfield,0,Waynesville,2
2013-09-05,Parkview,2,Webb City,0
2013-09-05,Carrollton,0,Wellington-Napoleon,2
2013-09-05,Diamond,1,Wheaton,2
2013-09-05,Hillcrest,0,Willard,2
2013-09-05,Bishop DuBourg,2,Windsor,0
2013-09-05,Principia,0,Windsor (Imperial),2
2013-09-05,North Kansas City,0,Winnetonka,2
2013-09-06,Saxony Lutheran,2,Advance,0
2013-09-06,Meadow Heights,0,Advance,2
2013-09-06,Woodland,2,Advance,0
2013-09-06,Leopold,2,Bell City,0
2013-09-06,Ste. Genevieve,2,Central (Cape Girardeau),0
2013-09-06,Ritenour,2,Clayton,1
2013-09-06,Bunker,0,Clearwater,2
2013-09-06,Plato,0,Conway,0
2013-09-06,North Pemiscot,0,Cooter,2
2013-09-06,Principia,2,Crossroads College Preparatory,0
2013-09-06,St. Pius X (Festus),2,Dexter,0
2013-09-06,Central (Cape Girardeau),0,Dexter,2
2013-09-06,Farmington,2,Eureka,0
2013-09-06,Ft. Zumwalt South,0,Eureka,2
2013-09-06,Marquand-Zion,0,Greenville,2
2013-09-06,Parkway Central,2,Hazelwood West,0
2013-09-06,Delta (Deering),1,Holcomb,2
2013-09-06,Niangua,0,Hurley,2
2013-09-06,St. Vincent,1,Jackson,1
2013-09-06,Perryville,2,Jackson,0
2013-09-06,Arcadia Valley,0,Jefferson (Festus),2
2013-09-06,Winfield,2,John Burroughs,1
2013-09-06,Saxony Lutheran,1,Leopold,2
2013-09-06,Woodland,0,Leopold,2
2013-09-06,Westminster Christian Academy,0,Lindbergh,2
2013-09-06,Webster Groves,2,McCluer North,0
2013-09-06,University City,2,McCluer South-Berkeley,0
2013-09-06,Villa Duchesne,2,MICDS,0
2013-09-06,St. Vincent,0,Notre Dame (Cape Girardeau),2
2013-09-06,Saxony Lutheran,2,Oak Ridge,0
2013-09-06,Nerinx Hall,2,Parkway South,0
2013-09-06,Notre Dame (Cape Girardeau),1,Perryville,1
2013-09-06,Billings,2,School of the Ozarks,0
2013-09-06,Sweet Springs,0,Senath-Hornersville,2
2013-09-06,Clarkton,1,Summersville,2
2013-09-06,Dixon,0,Warsaw,2
2013-09-06,Warsaw,0,Willard,2
2013-09-06,Rockwood Summit,0,Ursuline Academy,2
2013-09-06,West Plains,0,Winona,2
2013-09-06,Zalma,0,Woodland,2
2013-09-07,Nixa,2,Carthage,1
2013-09-07,Clinton,0,Carthage,3
2013-09-07,Hollister,1,Carthage,2
2013-09-07,St. Pius X (Festus),2,Central (Cape Girardeau),0
2013-09-07,Hollister,3,Clinton,0
2013-09-07,Mt. Vernon,2,Clinton,0
2013-09-07,Notre Dame (Cape Girardeau),2,Dexter,1
2013-09-07,Ste. Genevieve,0,Dexter,2
2013-09-07,Houston,1,El Dorado Springs,2
2013-09-07,Branson,3,El Dorado Springs,0
2013-09-07,Nixa,2,Fair Grove,0
2013-09-07,Ft. Zumwalt South,0,Farmington,2
2013-09-07,Washington,1,Francis Howell North,1
2013-09-07,Lutheran South,0,Francis Howell North,2
2013-09-07,Parkway West,2,Francis Howell North,0
2013-09-07,St. Dominic,2,Francis Howell North,0
2013-09-07,Branson,3,Houston,0
2013-09-07,Perryville,2,Jackson,0
2013-09-07,Notre Dame (Cape Girardeau),2,Jackson,0
2013-09-07,Central (Cape Girardeau),0,Jackson,2
2013-09-07,Ste. Genevieve,2,Jackson,1
2013-09-07,St. Joseph's Academy,2,Jefferson City,0
2013-09-07,Parkway South,0,Jefferson City,2
2013-09-07,Lutheran South,1,Jefferson City,1
2013-09-07,St. Dominic,2,Jefferson City,1
2013-09-07,Mt. Vernon,1,Lebanon,1
2013-09-07,Branson,1,Lebanon,2
2013-09-07,Nixa,2,Lockwood,0
2013-09-07,El Dorado Springs,2,Lockwood,0
2013-09-07,Pattonville,2,Lockwood,0
2013-09-07,Fair Grove,2,Lockwood,0
2013-09-07,Houston,0,Lockwood,2
2013-09-07,St. Joseph's Academy,2,Lutheran South,0
2013-09-07,Mt. Vernon,0,McDonald County,2
2013-09-07,Reeds Spring,2,McDonald County,0
2013-09-07,Lebanon,1,McDonald County,1
2013-09-07,Nixa,2,McDonald County,0
2013-09-07,Winnetonka,2,Oak Grove,0
2013-09-07,Winnetonka,0,Park Hill,2
2013-09-07,St. Joseph's Academy,2,Parkway South,0
2013-09-07,Lutheran South,2,Parkway South,0
2013-09-07,Washington,2,Parkway South,0
2013-09-07,Washington,0,Parkway West,2
2013-09-07,St. Joseph's Academy,0,Parkway West,2
2013-09-07,St. Dominic,2,Parkway West,0
2013-09-07,Nixa,2,Pattonville,0
2013-09-07,El Dorado Springs,2,Pattonville,0
2013-09-07,Fair Grove,2,Pattonville,0
2013-09-07,Mt. Vernon,1,Pattonville,2
2013-09-07,Notre Dame (Cape Girardeau),0,Perryville,2
2013-09-07,St. Vincent,0,Perryville,2
2013-09-07,St. Pius X (Festus),0,Perryville,2
2013-09-07,Nixa,2,Reeds Spring,0
2013-09-07,Lebanon,1,Reeds Spring,1
2013-09-07,Mt. Vernon,0,Reeds Spring,2
2013-09-07,Fair Grove,0,Reeds Spring,2
2013-09-07,Grandview,0,Ruskin,2
2013-09-07,St. Paul Lutheran (Concordia),2,Ruskin,0
2013-09-07,William Chrisman,2,Ruskin,0
2013-09-07,St. Pius X (Festus),1,Ste. Genevieve,1
2013-09-07,St. Vincent,0,Ste. Genevieve,2
2013-09-07,St. Dominic,2,Washington,0
2013-09-07,St. Pius X (Kansas City),2,Winnetonka,0
2013-09-07,Fort Osage,2,Winnetonka,0
2013-09-09,Fordland,0,Ava,2
2013-09-09,Pierce City,2,Billings,1
2013-09-09,Duchesne,2,Bishop DuBourg,1
2013-09-09,Hollister,2,Blue Eye,1
2013-09-09,Osage,0,Bolivar,2
2013-09-09,Veritas Christian Academy,2,Cardinal Ritter,0
2013-09-09,Monett,0,Carthage,2
2013-09-09,Sweet Springs,0,Caruthersville,2
2013-09-09,Malden,2,Central (New Madrid County),0
2013-09-09,Wentworth Military Academy,2,Chilhowee,0
2013-09-09,Maplewood-Richmond Hts.,0,Clayton,2
2013-09-09,Sherwood,2,Crest Ridge,0
2013-09-09,East Newton,0,Diamond,2
2013-09-09,Marquette,2,Fox,0
2013-09-09,Whitfield,0,Ft. Zumwalt North,2
2013-09-09,Fatima,2,Fulton,0
2013-09-09,Spokane,2,Galena,0
2013-09-09,Campbell,2,Hayti,1
2013-09-09,Crane,2,Hurley,1
2013-09-09,Everton,0,Jasper,2
2013-09-09,Central (Springfield),1,Kickapoo,2
2013-09-09,Marquand-Zion,0,Kingston,2
2013-09-09,Battle,2,Kirksville,1
2013-09-09,Rockwood Summit,0,Kirkwood,2
2013-09-09,Wentworth Military Academy,0,La Monte,2
2013-09-09,Chilhowee,0,La Monte,2
2013-09-09,Sheldon,0,Lakeland,2
2013-09-09,McDonald County,1,Lamar,2
2013-09-09,Clearwater,2,Lesterville,0
2013-09-09,Ballard,2,Miami (Amoret),0
2013-09-09,Seneca,0,Nevada,2
2013-09-09,Ash Grove,2,New Heights Christian,0
2013-09-09,Plato,0,Niangua,2
2013-09-09,Charleston,1,Oran,2
2013-09-09,Rockwood Summit,1,Pacific,2
2013-09-09,Lee's Summit North,0,Park Hill South,2
2013-09-09,Parkway South,0,Parkway North,2
2013-09-09,Liberty (Mountain View),0,Reeds Spring,2
2013-09-09,Savannah,1,Rock Bridge,2
2013-09-09,St. Joseph's Academy,2,Springfield Catholic,1
2013-09-09,Hallsville,0,Sacred Heart,2
2013-09-09,Notre Dame (Cape Girardeau),2,Seneca,0
2013-09-09,Central (Cape Girardeau),2,Sikeston,1
2013-09-09,Concordia,2,Smithton,0
2013-09-09,Risco,0,Summersville,2
2013-09-09,Festus,0,St. Pius X (Festus),2
2013-09-09,El Dorado Springs,2,Winona,0
2013-09-09,Belle,0,Webb City,2
2013-09-09,Ft. Zumwalt East,0,Timberland,2
2013-09-09,Lexington,2,Trenton,0
2013-09-09,Portageville,2,St. Clair,0
2013-09-09,Parkway West,2,University City,0
2013-09-09,Eureka,0,Ursuline Academy,2
2013-09-09,Arcadia Valley,2,Viburnum,0
2013-09-09,Barat Academy,0,Visitation Academy,2
2013-09-09,Dixon,0,Waynesville,2
2013-09-10,Crest Ridge,1,Adrian,2
2013-09-10,Seneca,0,Advance,2
2013-09-10,Seneca,1,Aurora,2
2013-09-10,Butler,0,Barstow,3
2013-09-10,Hancock,0,Bayless,2
2013-09-10,Owensville,2,Belle,0
2013-09-10,Notre Dame (Cape Girardeau),2,Bernie,0
2013-09-10,St. Dominic,2,Bishop DuBourg,0
2013-09-10,Fulton,0,Blair Oaks,2
2013-09-10,Hurley,2,Bradleyville,0
2013-09-10,Affton,2,Brentwood,0
2013-09-10,Plato,0,Cabool,2
2013-09-10,Logan-Rogersville,2,Camdenton,0
2013-09-10,Caruthersville,0,Campbell,2
2013-09-10,Trinity Catholic,2,Cardinal Ritter,0
2013-09-10,Carthage,0,Carl Junction,2
2013-09-10,West Plains,0,Carnahan,2
2013-09-10,Monett,0,Cassville,2
2013-09-10,Clinton,2,Center,0
2013-09-10,Dexter,2,Central (Cape Girardeau),0
2013-09-10,Northeast (Kansas City),0,Central (Kansas City),2
2013-09-10,Willard,1,Central (Springfield),2
2013-09-10,Southern Boone,2,Centralia,0
2013-09-10,New Haven,2,Chamois,0
2013-09-10,Malden,2,Charleston,0
2013-09-10,Fredericktown,0,Clearwater,2
2013-09-10,Waynesville,2,Cleveland NJROTC,0
2013-09-10,Verona,2,Clever,1
2013-09-10,Gateway,2,College Preparatory,0
2013-09-10,Fox,2,Crystal City,0
2013-09-10,Wright City,1,Cuba,1
2013-09-10,Cooter,2,Delta (Deering),0
2013-09-10,St. Clair,0,Doniphan,2
2013-09-10,Hogan Prep Academy Charter,0,East (Kansas City),2
2013-09-10,Salem,0,Eminence,2
2013-09-10,Greenfield,2,Everton,0
2013-09-10,Marshfield,1,Fair Grove,2
2013-09-10,Eugene,0,Fatima,2
2013-09-10,Oakville,2,Francis Howell Central,0
2013-09-10,Parkway North,2,Francis Howell North,0
2013-09-10,Warrenton,0,Ft. Zumwalt East,2
2013-09-10,Clarkton,0,Gideon,2
2013-09-10,Jefferson City,2,Helias Catholic,1
2013-09-10,Father Tolton,0,Hermann,2
2013-09-10,Hollister,1,Hillcrest,2
2013-09-10,St. Joseph's Academy,2,Incarnate Word Academy,0
2013-09-10,Westminster Christian Academy,2,John Burroughs,0
2013-09-10,Veritas Christian Academy,0,John F. Kennedy,2
2013-09-10,Nixa,2,Joplin,0
2013-09-10,Summersville,0,Kennett,2
2013-09-10,Herculaneum,2,Kingston,0
2013-09-10,Lakeland,1,Kingsville,1
2013-09-10,Hallsville,2,Kirksville,0
2013-09-10,Francis Howell,0,Lafayette (Wildwood),2
2013-09-10,Odessa,2,Lafayette County,0
2013-09-10,Liberal,2,Lamar,1
2013-09-10,Savannah,2,Lathrop,0
2013-09-10,Carrollton,0,Lawson,2
2013-09-10,Blue Springs South,2,Lee's Summit,0
2013-09-10,Blue Springs,1,Lee's Summit North,2
2013-09-10,Park Hill,0,Lee's Summit West,2
2013-09-10,Meadow Heights,0,Leopold,2
2013-09-10,Ellington,0,Lesterville,2
2013-09-10,Wellington-Napoleon,0,Lexington,2
2013-09-10,Warsaw,2,Lincoln,0
2013-09-10,University Academy Charter,2,Lincoln College Prep,1
2013-09-10,Dixon,2,Linn,1
2013-09-10,Ladue Horton Watkins,2,Maplewood-Richmond Hts.,0
2013-09-10,St. Paul Lutheran (Concordia),1,Marquand-Zion,2
2013-09-10,Tarkio,0,Mehlville,2
2013-09-10,Eldon,1,Mexico,2
2013-09-10,Ballard,2,Miami (Amoret),0
2013-09-10,Mound City,2,Mid-Buchanan,1
2013-09-10,Orrick,0,Midway,2
2013-09-10,New Heights Christian,2,Miller,0
2013-09-10,Bowling Green,2,Montgomery County,0
2013-09-10,Licking,0,Mountain Grove,2
2013-09-10,Mt. Vernon,2,Neosho,0
2013-09-10,Chadwick,1,Niangua,2
2013-09-10,Kearney,2,North Kansas City,0
2013-09-10,Sweet Springs,0,North Pemiscot,2
2013-09-10,Lift for Life Academy Charter,0,North Technical,3
2013-09-10,Seckman,0,Northwest (Cedar Hill),2
2013-09-10,St. Paul Lutheran (Concordia),2,Northwest (Hughesville),0
2013-09-10,Holden,2,Oak Grove,0
2013-09-10,Belton,0,Oak Park,2
2013-09-10,Cole Camp,2,Osage,0
2013-09-10,Lebanon,0,Ozark,2
2013-09-10,Rockwood Summit,1,Pacific,2
2013-09-10,Branson,0,Parkview,2
2013-09-10,Ursuline Academy,2,Parkway Central,0
2013-09-10,Lutheran (Kansas City),2,Pembroke Hill,0
2013-09-10,Farmington,0,Perryville,2
2013-09-10,Stockton,0,Pierce City,2
2013-09-10,Grandview,0,Platte County,2
2013-09-10,Trenton,0,Plattsburg,2
2013-09-10,Sparta,0,Pleasant Hill,2
2013-09-10,Winona,2,Pleasant Hope,0
2013-09-10,Jackson,0,Poplar Bluff,2
2013-09-10,St. Pius X (Festus),2,Principia,0
2013-09-10,Diamond,0,Purdy,2
2013-09-10,Woodland,0,Puxico,2
2013-09-10,Fort Osage,2,Raytown,1
2013-09-10,McAuley Catholic,0,Rich Hill,2
2013-09-10,Bloomfield,2,Richland (Essex),0
2013-09-10,Bishop LeBlond,2,Rock Port,0
2013-09-10,St. James,0,Rolla,2
2013-09-10,Park Hill South,2,Ruskin,0
2013-09-10,Sarcoxie,0,Sacred Heart,2
2013-09-10,Lone Jack,0,Santa Fe,2
2013-09-10,Holcomb,2,Senath-Hornersville,0
2013-09-10,O'Hara,2,Savannah,1
2013-09-10,West County,2,South Iron,1
2013-09-10,Holt,2,St. Charles,0
2013-09-10,Timberland,2,St. Charles West,0
2013-09-10,Waynesville,2,St. Clair,0
2013-09-10,St. James,2,St. Joseph Christian,0
2013-09-10,Notre Dame de Sion,0,St. Teresa's Academy,2
2013-09-10,Saxony Lutheran,0,St. Vincent,2
2013-09-10,William Chrisman,0,Staley,2
2013-09-10,Bourbon,0,Warsaw,2
2013-09-10,Archie,1,Summit Christian Academy,2
2013-09-10,Exeter,0,Thomas Jefferson Independent Day,2
2013-09-10,Marquette,2,Troy Buchanan,0
2013-09-10,Central (St. Joseph),0,St. Charles,2
2013-09-10,Skyline,0,Versailles,2
2013-09-10,St. Pius X (Kansas City),2,Warrensburg,0
2013-09-10,Ft. Zumwalt South,0,Washington,2
2013-09-10,McDonald County,0,Webb City,2
2013-09-10,Visitation Academy,2,Webster Groves,1
2013-09-10,Crane,2,Wheaton,0
2013-09-10,Orchard Farm,2,Whitfield,0
2013-09-10,Lutheran St. Charles,2,Winfield,0
2013-09-10,Raytown South,0,Winnetonka,2
2013-09-10,Bunker,0,Winona,2
2013-09-10,Bell City,2,Zalma,0
2013-09-11,Bayless,0,Clayton,2
2013-09-11,Lindbergh,0,Cor Jesu Academy,2
2013-09-11,Francis Howell Central,2,Francis Howell,0
2013-09-11,Republic,2,Glendale,0
2013-09-11,McCluer North,1,Hazelwood West,2
2013-09-11,Valle Catholic,0,Jefferson (Festus),2
2013-09-11,Brentwood,2,Jennings,0
2013-09-11,Excelsior Springs,1,Liberty North,2
2013-09-11,Kingsville,0,Lutheran (Kansas City),2
2013-09-11,Westminster Christian Academy,2,Lutheran North,0
2013-09-11,Hazelwood Central,2,McCluer,0
2013-09-11,Bishop DuBourg,0,MICDS,2
2013-09-11,Parkway West,2,Nerinx Hall,0
2013-09-11,Seckman,0,Notre Dame (St. Louis),2
2013-09-11,Lee's Summit,2,Park Hill,0
2013-09-11,Incarnate Word Academy,2,Parkway South,1
2013-09-11,Herculaneum,0,Potosi,2
2013-09-11,Lutheran South,2,Principia,0
2013-09-11,St. Charles,0,Raymore-Peculiar,2
2013-09-11,Hazelwood East,0,Ritenour,2
2013-09-11,Pattonville,2,Riverview Gardens,0
2013-09-11,Harrisonville,2,Sherwood,0
2013-09-11,Trinity Catholic,0,St. Joseph's Academy,2
2013-09-11,Cleveland NJROTC,0,Valley Park,2
2013-09-11,Ft. Zumwalt North,2,Warrenton,0
2013-09-11,Visitation Academy,2,Webster Groves,0
2013-09-11,Malta Bend,2,Wentworth Military Academy,0
2013-09-11,Ste. Genevieve,2,Windsor (Imperial),1
2013-09-12,Crystal City,0,Arcadia Valley,2
2013-09-12,Marshfield,2,Ava,0
2013-09-12,Hume,2,Ballard,0
2013-09-12,Centralia,2,Battle,0
2013-09-12,Bernie,3,Bell City,0
2013-09-12,Maryville,0,Bishop LeBlond,2
2013-09-12,Potosi,0,Bismarck,2
2013-09-12,Crane,2,Blue Eye,1
2013-09-12,Blue Springs,2,Blue Springs South,0
2013-09-12,Willard,2,Bolivar,0
2013-09-12,St. James,1,Bourbon,2
2013-09-12,Central (Springfield),2,Branson,1
2013-09-12,Maplewood-Richmond Hts.,2,Brentwood,1
2013-09-12,Miami (Amoret),0,Bronaugh,2
2013-09-12,Lesterville,2,Bunker,0
2013-09-12,Winona,2,Cabool,0
2013-09-12,West Plains,1,Camdenton,2
2013-09-12,Hogan Prep Academy Charter,0,Center,2
2013-09-12,Dexter,2,Central (New Madrid County),0
2013-09-12,Park Hill South,2,Central (St. Joseph),0
2013-09-12,Galena,2,Chadwick,0
2013-09-12,Calvary Lutheran,2,Chamois,0
2013-09-12,Sparta,2,Chillicothe,1
2013-09-12,North Pemiscot,0,Clarkton,2
2013-09-12,Affton,2,Clayton,1
2013-09-12,West Plains,0,College Preparatory,2
2013-09-12,Risco,0,Cooter,2
2013-09-12,East (Kansas City),0,Cristo Rey,2
2013-09-12,Southwest Early College,0,Cristo Rey,2
2013-09-12,Lift for Life Academy Charter,0,Crossroads College Preparatory,2
2013-09-12,Campbell,2,Delta (Deering),1
2013-09-12,Seneca,1,Diamond,2
2013-09-12,Belle,1,Dixon,2
2013-09-12,Thayer,1,Doniphan,2
2013-09-12,California,2,Eldon,1
2013-09-12,South Iron,2,Ellington,0
2013-09-12,Liberty (Mountain View),2,Eminence,0
2013-09-12,Lawson,0,Excelsior Springs,2
2013-09-12,McAuley Catholic,2,Exeter,0
2013-09-12,Logan-Rogersville,2,Fair Grove,0
2013-09-12,Sarcoxie,1,Father Tolton,2
2013-09-12,Billings,2,Forsyth,1
2013-09-12,Villa Duchesne,0,Francis Howell,2
2013-09-12,Parkway South,0,Francis Howell,2
2013-09-12,Lindbergh,0,Francis Howell,2
2013-09-12,Timberland,2,Francis Howell North,1
2013-09-12,Perryville,2,Fredericktown,0
2013-09-12,Ft. Zumwalt North,3,Ft. Zumwalt East,0
2013-09-12,Holt,2,Ft. Zumwalt South,1
2013-09-12,Waynesville,0,Gateway,2
2013-09-12,Parkview,0,Glendale,2
2013-09-12,Fort Osage,0,Grain Valley,2
2013-09-12,Southern Boone,1,Hallsville,1
2013-09-12,Fatima,2,Hermann,0
2013-09-12,Waynesville,2,Hillcrest,1
2013-09-12,Gideon,2,Holcomb,0
2013-09-12,Rich Hill,1,Jasper,2
2013-09-12,Ritenour,0,John Burroughs,2
2013-09-12,Boonville,2,Kirksville,0
2013-09-12,Rockwood Summit,0,Kirkwood,2
2013-09-12,Visitation Academy,2,Kirkwood,0
2013-09-12,Marquette,2,Kirkwood,0
2013-09-12,Springfield Catholic,0,Kirkwood,2
2013-09-12,Jennings,0,Ladue Horton Watkins,2
2013-09-12,Savannah,2,Lafayette (St. Joseph),1
2013-09-12,Joplin,0,Lebanon,2
2013-09-12,Raymore-Peculiar,1,Lee's Summit North,2
2013-09-12,Ruskin,0,Lee's Summit West,2
2013-09-12,Grandview,0,Liberty North,2
2013-09-12,Plato,0,Licking,2
2013-09-12,Southeast,0,Lincoln College Prep,2
2013-09-12,Villa Duchesne,2,Lindbergh,0
2013-09-12,Parkway South,0,Lindbergh,2
2013-09-12,Summit Christian Academy,2,Lone Jack,0
2013-09-12,John F. Kennedy,0,Lutheran St. Charles,2
2013-09-12,Visitation Academy,2,Marquette,0
2013-09-12,Springfield Catholic,0,Marquette,2
2013-09-12,Mexico,0,Marshall,2
2013-09-12,Seneca,1,Meadow Heights,2
2013-09-12,Kingsville,0,Midway,2
2013-09-12,Winona,2,Miller,0
2013-09-12,Reeds Spring,2,Monett,0
2013-09-12,New Haven,2,Montgomery County,0
2013-09-12,Aurora,0,Mt. Vernon,2
2013-09-12,East Newton,2,Neosho,1
2013-09-12,Helias Catholic,2,Nixa,0
2013-09-12,McCluer,2,Normandy Collaborative,1
2013-09-12,Oak Park,2,North Kansas City,0
2013-09-12,St. Joseph Christian,0,North Platte,2
2013-09-12,Hancock,0,North Technical,2
2013-09-12,Crest Ridge,0,Northwest (Hughesville),2
2013-09-12,Advance,2,Oak Ridge,0
2013-09-12,Cor Jesu Academy,1,Oakville,1
2013-09-12,Winfield,2,Orchard Farm,0
2013-09-12,Richmond,1,Orrick,2
2013-09-12,Lakeland,0,Osceola,2
2013-09-12,Salem,0,Owensville,2
2013-09-12,Washington,2,Pacific,0
2013-09-12,Parkway Central,0,Parkway North,2
2013-09-12,Villa Duchesne,2,Parkway South,0
2013-09-12,Pleasant Hill,2,Pembroke Hill,0
2013-09-12,Lamar,0,Pierce City,2
2013-09-12,Liberty,2,Platte County,0
2013-09-12,Bloomfield,1,Poplar Bluff,2
2013-09-12,Lutheran North,2,Principia,1
2013-09-12,Richland (Essex),0,Puxico,2
2013-09-12,Oak Grove,2,Raytown South,0
2013-09-12,Mound City,2,Rock Port,0
2013-09-12,Kickapoo,2,Rolla,1
2013-09-12,St. Joseph's Academy,2,Springfield Catholic,1
2013-09-12,Visitation Academy,2,Springfield Catholic,0
2013-09-12,New Heights Christian,2,Sarcoxie,0
2013-09-12,Sikeston,0,Saxony Lutheran,2
2013-09-12,Hayti,2,Senath-Hornersville,1
2013-09-12,Warrensburg,0,Savannah,2
2013-09-12,Miller Career Academy,0,Soldan International Studies,2
2013-09-12,Sweet Springs,0,Summersville,2
2013-09-12,Thomas Jefferson Independent Day,0,Southwest (Washburn),2
2013-09-12,Spokane,2,Union,1
2013-09-12,Clever,0,Springfield Catholic,2
2013-09-12,St. Charles,1,St. Charles West,2
2013-09-12,Lexington,0,St. Paul Lutheran (Concordia),2
2013-09-12,Lutheran South,0,St. Pius X (Festus),2
2013-09-12,Raytown,0,Staley,2
2013-09-12,Jefferson (Festus),2,Ste. Genevieve,1
2013-09-12,Eugene,0,Willard,2
2013-09-12,Willow Springs,0,Wright City,2
2013-09-12,McCluer North,0,Trinity Catholic,2
2013-09-12,Ft. Zumwalt West,2,Troy Buchanan,1
2013-09-12,West County,3,Valley,1
2013-09-12,Cardinal Ritter,0,Veritas Christian Academy,2
2013-09-12,Purdy,1,Verona,2
2013-09-12,Osage,2,Versailles,0
2013-09-12,Blair Oaks,2,Warsaw,0
2013-09-12,Carl Junction,2,Webb City,0
2013-09-12,Seckman,0,Webster Groves,2
2013-09-12,Odessa,2,Wellington-Napoleon,0
2013-09-12,Barat Academy,2,Whitfield,0
2013-09-12,Belton,2,William Chrisman,0
2013-09-12,Clearwater,2,Woodland,0
2013-09-13,Jackson,1,Advance,1
2013-09-13,St. Clair,0,Advance,2
2013-09-13,Summersville,0,Advance,2
2013-09-13,Saxony Lutheran,2,Bell City,0
2013-09-13,Zalma,0,Bernie,2
2013-09-13,Bismarck,2,Bernie,0
2013-09-13,Central (Park Hills),2,Bloomfield,0
2013-09-13,Kennett,2,Bloomfield,0
2013-09-13,Clearwater,2,Campbell,0
2013-09-13,Calvary Lutheran,2,Campbell,0
2013-09-13,Marquand-Zion,0,Campbell,2
2013-09-13,Zalma,2,Caruthersville,0
2013-09-13,South Iron,2,Caruthersville,0
2013-09-13,Puxico,2,Central (Cape Girardeau),0
2013-09-13,Ellington,0,Central (New Madrid County),2
2013-09-13,Oak Ridge,0,Central (New Madrid County),2
2013-09-13,Clearwater,0,Central (Park Hills),2
2013-09-13,Leopold,2,Cooter,0
2013-09-13,St. Vincent,0,Dexter,2
2013-09-13,Oak Ridge,0,Dexter,2
2013-09-13,Nerinx Hall,2,Duchesne,0
2013-09-13,Sweet Springs,1,Ellington,1
2013-09-13,Gideon,2,Eminence,0
2013-09-13,Saxony Lutheran,2,Eminence,0
2013-09-13,Nerinx Hall,1,Eureka,1
2013-09-13,Troy Buchanan,0,Eureka,2
2013-09-13,Perryville,1,Eureka,1
2013-09-13,Duchesne,1,Eureka,1
2013-09-13,Greenville,0,Gideon,2
2013-09-13,University City,2,Hazelwood East,1
2013-09-13,Central (Cape Girardeau),0,Hazelwood West,2
2013-09-13,Meadow Heights,0,Hazelwood West,2
2013-09-13,Notre Dame (Cape Girardeau),2,Holcomb,0
2013-09-13,Meadow Heights,2,Holcomb,0
2013-09-13,Woodland,0,Jackson,2
2013-09-13,Calvary Lutheran,0,Kennett,2
2013-09-13,Washington,2,Lee's Summit,0
2013-09-13,Oakville,1,Lee's Summit,1
2013-09-13,Parkway West,2,Lee's Summit,0
2013-09-13,Cor Jesu Academy,2,Lee's Summit,0
2013-09-13,New Haven,0,Leopold,2
2013-09-13,Richland (Essex),0,Lesterville,2
2013-09-13,Jefferson (Festus),2,Lesterville,0
2013-09-13,Sikeston,0,Malden,2
2013-09-13,Marquand-Zion,0,Malden,2
2013-09-13,Leopold,2,Malden,0
2013-09-13,New Haven,2,Marquand-Zion,0
2013-09-13,Normandy Collaborative,2,McCluer South-Berkeley,0
2013-09-13,Washington,0,Oakville,2
2013-09-13,Parkway West,2,Oakville,0
2013-09-13,Summersville,2,Oran,0
2013-09-13,Washington,0,Parkway West,2
2013-09-13,Cor Jesu Academy,0,Parkway West,2
2013-09-13,Nerinx Hall,1,Perryville,1
2013-09-13,Troy Buchanan,1,Perryville,1
2013-09-13,Duchesne,0,Perryville,2
2013-09-13,Lesterville,1,Poplar Bluff,1
2013-09-13,Portageville,0,Poplar Bluff,2
2013-09-13,Richland (Essex),0,Portageville,2
2013-09-13,Notre Dame (Cape Girardeau),2,Puxico,0
2013-09-13,Seneca,1,Richland (Essex),1
2013-09-13,Jefferson (Festus),2,Seneca,0
2013-09-13,Bismarck,2,Seckman,0
2013-09-13,South Iron,1,Seckman,1
2013-09-13,Greenville,2,Senath-Hornersville,0
2013-09-13,Bell City,1,Senath-Hornersville,1
2013-09-13,Northeast Vernon County,2,Sheldon,0
2013-09-13,Cooter,1,Sikeston,1
2013-09-13,Woodland,2,Summersville,0
2013-09-13,St. Vincent,2,Sweet Springs,0
2013-09-13,Nerinx Hall,2,Troy Buchanan,0
2013-09-13,Duchesne,1,Troy Buchanan,1
2013-09-13,Oran,1,St. Clair,1
2013-09-13,Woodland,2,St. Clair,0
2013-09-13,Warsaw,3,Valley,0
2013-09-13,Cor Jesu Academy,2,Washington,0
2013-09-13,Herculaneum,0,West County,2
2013-09-14,Lutheran (Kansas City),2,Adrian,0
2013-09-14,Drexel,0,Adrian,2
2013-09-14,Butler,2,Adrian,0
2013-09-14,Hume,1,Adrian,1
2013-09-14,St. Vincent,2,Advance,0
2013-09-14,St. Clair,0,Advance,2
2013-09-14,Bernie,2,Advance,0
2013-09-14,Viburnum,0,Arcadia Valley,2
2013-09-14,Ste. Genevieve,0,Arcadia Valley,2
2013-09-14,Lutheran (Kansas City),2,Archie,0
2013-09-14,Miami (Amoret),0,Archie,2
2013-09-14,Willard,2,Aurora,0
2013-09-14,Stockton,0,Aurora,2
2013-09-14,Green Ridge,0,Aurora,2
2013-09-14,Winona,2,Aurora,0
2013-09-14,Willow Springs,2,Ava,0
2013-09-14,Bradleyville,0,Ava,2
2013-09-14,Union,2,Ava,0
2013-09-14,Brentwood,1,Bayless,1
2013-09-14,Lutheran North,2,Bayless,0
2013-09-14,Central (Cape Girardeau),2,Bell City,0
2013-09-14,Gideon,2,Bell City,0
2013-09-14,New Haven,2,Bernie,1
2013-09-14,South Iron,1,Bernie,1
2013-09-14,Jefferson (Festus),2,Bernie,0
2013-09-14,Licking,1,Billings,1
2013-09-14,Mountain Grove,2,Billings,0
2013-09-14,Webb City,2,Billings,0
2013-09-14,Summit Christian Academy,1,Bishop LeBlond,1
2013-09-14,Central (Park Hills),1,Bismarck,2
2013-09-14,Greenville,2,Bloomfield,0
2013-09-14,Campbell,0,Bloomfield,2
2013-09-14,Conway,1,Blue Eye,1
2013-09-14,Fordland,1,Blue Eye,1
2013-09-14,Lee's Summit West,2,Blue Springs,0
2013-09-14,Kearney,2,Blue Springs,0
2013-09-14,Pleasant Hill,0,Blue Springs South,2
2013-09-14,Skyline,0,Boonville,2
2013-09-14,Carrollton,0,Boonville,2
2013-09-14,Holden,2,Boonville,1
2013-09-14,Knob Noster,1,Boonville,1
2013-09-14,Lexington,0,Boonville,2
2013-09-14,Sherwood,0,Boonville,2
2013-09-14,Fatima,2,Bowling Green,0
2013-09-14,Savannah,2,Bowling Green,0
2013-09-14,Kirksville,2,Bowling Green,0
2013-09-14,Owensville,2,Bowling Green,0
2013-09-14,Willow Springs,2,Bradleyville,0
2013-09-14,Union,2,Bradleyville,0
2013-09-14,Lutheran North,2,Brentwood,0
2013-09-14,Lindbergh,1,Brentwood,1
2013-09-14,Neosho,0,Buffalo,2
2013-09-14,Willard,1,Buffalo,2
2013-09-14,Ritenour,0,Buffalo,2
2013-09-14,Winona,0,Buffalo,2
2013-09-14,Aurora,0,Buffalo,2
2013-09-14,Lutheran (Kansas City),2,Butler,0
2013-09-14,Drexel,0,Butler,2
2013-09-14,Hume,0,Butler,2
2013-09-14,Billings,2,Cabool,0
2013-09-14,Wright City,1,Cabool,1
2013-09-14,Logan-Rogersville,2,Cabool,0
2013-09-14,Warsaw,0,Cameron,2
2013-09-14,Zalma,1,Campbell,2
2013-09-14,Marquand-Zion,0,Campbell,2
2013-09-14,Skyline,1,Carrollton,1
2013-09-14,Knob Noster,1,Carrollton,1
2013-09-14,Lexington,2,Carrollton,1
2013-09-14,Bismarck,2,Caruthersville,0
2013-09-14,Richland (Essex),1,Caruthersville,2
2013-09-14,Oran,1,Caruthersville,2
2013-09-14,Central (Cape Girardeau),2,Caruthersville,1
2013-09-14,Holcomb,2,Central (Cape Girardeau),0
2013-09-14,Cooter,0,Central (Cape Girardeau),2
2013-09-14,Campbell,0,Central (Cape Girardeau),2
2013-09-14,Southwest Early College,0,Central (Kansas City),2
2013-09-14,St. Vincent,2,Central (New Madrid County),0
2013-09-14,Summersville,0,Central (New Madrid County),2
2013-09-14,Gideon,2,Central (New Madrid County),0
2013-09-14,Calvary Lutheran,0,Central (Park Hills),2
2013-09-14,Leopold,0,Central (Park Hills),2
2013-09-14,Grandview,0,Central (St. Joseph),2
2013-09-14,Harrisonville,1,Central (St. Joseph),1
2013-09-14,Marshall,2,Central (St. Joseph),0
2013-09-14,Raytown,1,Central (St. Joseph),1
2013-09-14,Versailles,1,Central (St. Joseph),2
2013-09-14,Sarcoxie,0,Centralia,2
2013-09-14,Hallsville,1,Centralia,1
2013-09-14,Tipton,0,Centralia,2
2013-09-14,Galena,2,Chadwick,0
2013-09-14,Hurley,2,Chadwick,0
2013-09-14,Spokane,2,Chadwick,0
2013-09-14,Kennett,0,Clearwater,2
2013-09-14,New Haven,1,Clearwater,2
2013-09-14,Notre Dame (Cape Girardeau),2,Clearwater,0
2013-09-14,Fordland,1,Conway,1
2013-09-14,Calvary Lutheran,1,Cooter,2
2013-09-14,Marquand-Zion,0,Cooter,2
2013-09-14,Golden City,0,Crane,2
2013-09-14,Marionville,0,Crane,2
2013-09-14,Verona,1,Crane,2
2013-09-14,Fredericktown,0,DeSoto,2
2013-09-14,St. Clair,0,DeSoto,2
2013-09-14,Ste. Genevieve,2,DeSoto,0
2013-09-14,Notre Dame (Cape Girardeau),2,Dexter,1
2013-09-14,Jackson,0,Dexter,2
2013-09-14,Ellington,0,Dexter,2
2013-09-14,Saxony Lutheran,0,Dexter,2
2013-09-14,Bismarck,0,Dexter,2
2013-09-14,Ellington,0,Doniphan,2
2013-09-14,Clearwater,2,Doniphan,0
2013-09-14,Greenville,0,Doniphan,2
2013-09-14,West County,2,Doniphan,0
2013-09-14,Hume,0,Drexel,2
2013-09-14,Northeast (Kansas City),2,East (Kansas City),0
2013-09-14,North Platte,1,East Buchanan,1
2013-09-14,Lawson,2,East Buchanan,0
2013-09-14,Lathrop,1,East Buchanan,1
2013-09-14,Plattsburg,0,East Buchanan,2
2013-09-14,California,2,Eldon,0
2013-09-14,Notre Dame (Cape Girardeau),2,Eminence,0
2013-09-14,New Haven,2,Eminence,1
2013-09-14,Villa Duchesne,2,Eureka,1
2013-09-14,Cor Jesu Academy,2,Eureka,1
2013-09-14,Crane,2,Everton,0
2013-09-14,Golden City,0,Everton,2
2013-09-14,Verona,2,Exeter,0
2013-09-14,Sarcoxie,2,Exeter,0
2013-09-14,California,0,Fatima,2
2013-09-14,Willow Springs,0,Fordland,2
2013-09-14,Union,2,Fordland,0
2013-09-14,Willow Springs,1,Forsyth,2
2013-09-14,Fordland,1,Forsyth,1
2013-09-14,Conway,0,Forsyth,2
2013-09-14,Blue Eye,0,Forsyth,2
2013-09-14,Union,2,Forsyth,1
2013-09-14,Liberty North,2,Fort Osage,0
2013-09-14,Summit Christian Academy,1,Fort Osage,1
2013-09-14,Staley,2,Fort Osage,0
2013-09-14,MICDS,2,Fox,0
2013-09-14,Rockwood Summit,0,Fox,2
2013-09-14,Northwest (Cedar Hill),2,Fox,0
2013-09-14,Lift for Life Academy Charter,0,Fox,2
2013-09-14,Webster Groves,2,Fox,0
2013-09-14,Washington,0,Francis Howell,2
2013-09-14,Visitation Academy,2,Francis Howell,0
2013-09-14,Marquette,0,Francis Howell,2
2013-09-14,St. Charles West,0,Francis Howell Central,2
2013-09-14,Veritas Christian Academy,0,Francis Howell Central,2
2013-09-14,Ft. Zumwalt East,0,Francis Howell Central,2
2013-09-14,St. Dominic,2,Francis Howell Central,1
2013-09-14,St. Clair,2,Fredericktown,0
2013-09-14,North County,1,Fredericktown,1
2013-09-14,Veritas Christian Academy,0,Ft. Zumwalt East,2
2013-09-14,Hannibal,2,Ft. Zumwalt West,0
2013-09-14,Holt,1,Ft. Zumwalt West,2
2013-09-14,St. Dominic,2,Ft. Zumwalt West,0
2013-09-14,St. Charles West,0,Ft. Zumwalt West,2
2013-09-14,Fatima,2,Fulton,0
2013-09-14,California,1,Fulton,1
2013-09-14,Savannah,2,Fulton,0
2013-09-14,Eldon,1,Fulton,1
2013-09-14,Hurley,1,Galena,1
2013-09-14,School of the Ozarks,2,Galena,0
2013-09-14,Portageville,1,Gideon,2
2013-09-14,South Iron,1,Gideon,2
2013-09-14,Woodland,2,Gideon,0
2013-09-14,St. Paul Lutheran (Concordia),2,Grandview,0
2013-09-14,Stockton,0,Green Ridge,2
2013-09-14,Saxony Lutheran,2,Greenville,0
2013-09-14,Meadow Heights,2,Greenville,1
2013-09-14,Tipton,1,Hallsville,1
2013-09-14,Sarcoxie,0,Hallsville,2
2013-09-14,St. Dominic,0,Hannibal,2
2013-09-14,Holt,1,Hannibal,2
2013-09-14,Ft. Zumwalt East,1,Hannibal,2
2013-09-14,William Chrisman,2,Harrisonville,0
2013-09-14,Raytown,1,Harrisonville,1
2013-09-14,Marshall,2,Harrisonville,0
2013-09-14,Notre Dame (Cape Girardeau),2,Hazelwood West,0
2013-09-14,Bismarck,2,Hazelwood West,0
2013-09-14,Leopold,2,Hazelwood West,0
2013-09-14,Potosi,2,Hillsboro,0
2013-09-14,Viburnum,1,Hillsboro,1
2013-09-14,Arcadia Valley,2,Hillsboro,0
2013-09-14,Zalma,2,Holcomb,1
2013-09-14,Skyline,0,Holden,2
2013-09-14,Willard,0,Holden,2
2013-09-14,Sherwood,0,Holden,2
2013-09-14,Lexington,0,Holden,2
2013-09-14,St. Dominic,2,Holt,0
2013-09-14,Veritas Christian Academy,0,Holt,2
2013-09-14,Springfield Catholic,2,Hurley,0
2013-09-14,Spokane,2,Hurley,0
2013-09-14,Oran,1,Jackson,1
2013-09-14,Lesterville,2,Jackson,0
2013-09-14,Winnetonka,0,Jefferson City,2
2013-09-14,St. Dominic,2,Jefferson City,1
2013-09-14,St. Teresa's Academy,2,Kearney,0
2013-09-14,Fatima,2,Kirksville,0
2013-09-14,California,2,Kirksville,0
2013-09-14,Owensville,2,Kirksville,0
2013-09-14,Nerinx Hall,0,Kirkwood,2
2013-09-14,Cor Jesu Academy,0,Kirkwood,2
2013-09-14,Parkway West,2,Kirkwood,1
2013-09-14,Skyline,0,Knob Noster,2
2013-09-14,Willard,2,Knob Noster,0
2013-09-14,St. Teresa's Academy,0,Lafayette (Wildwood),2
2013-09-14,Ozark,0,Lafayette (Wildwood),2
2013-09-14,Warsaw,0,Lafayette County,2
2013-09-14,Cameron,0,Lafayette County,2
2013-09-14,Warrensburg,1,Lafayette County,1
2013-09-14,Maryville,0,Lafayette County,2
2013-09-14,Savannah,2,Lafayette County,0
2013-09-14,North Platte,1,Lathrop,1
2013-09-14,West Platte,2,Lathrop,0
2013-09-14,Mid-Buchanan,1,Lathrop,2
2013-09-14,North Platte,0,Lawson,2
2013-09-14,West Platte,0,Lawson,2
2013-09-14,Mid-Buchanan,0,Lawson,2
2013-09-14,Lathrop,1,Lawson,1
2013-09-14,Cor Jesu Academy,2,Lee's Summit,0
2013-09-14,Troy Buchanan,0,Lee's Summit,2
2013-09-14,Visitation Academy,2,Lee's Summit,0
2013-09-14,Perryville,2,Lee's Summit,0
2013-09-14,Liberty,2,Lee's Summit,0
2013-09-14,Winnetonka,0,Lee's Summit North,2
2013-09-14,St. James,2,Lee's Summit West,0
2013-09-14,New Haven,0,Leopold,2
2013-09-14,Lesterville,0,Leopold,2
2013-09-14,Saxony Lutheran,2,Lesterville,0
2013-09-14,Richland (Essex),0,Lesterville,2
2013-09-14,Willard,1,Lexington,1
2013-09-14,Sherwood,0,Lexington,2
2013-09-14,Oak Park,2,Liberty,0
2013-09-14,Summit Christian Academy,1,Liberty,2
2013-09-14,Raymore-Peculiar,0,Liberty,2
2013-09-14,Pembroke Hill,1,Liberty,1
2013-09-14,Fort Osage,0,Liberty,2
2013-09-14,Notre Dame de Sion,1,Liberty,1
2013-09-14,Grain Valley,0,Liberty,2
2013-09-14,St. Charles,0,Liberty,2
2013-09-14,Park Hill South,1,Liberty,2
2013-09-14,Mountain Grove,2,Licking,0
2013-09-14,Wright City,1,Licking,2
2013-09-14,Southeast,0,Lincoln College Prep,2
2013-09-14,Lutheran North,0,Lindbergh,2
2013-09-14,Parkway West,2,Lindbergh,0
2013-09-14,Perryville,0,Lindbergh,2
2013-09-14,Helias Catholic,1,Logan-Rogersville,2
2013-09-14,Rolla,0,Logan-Rogersville,2
2013-09-14,Wright City,0,Logan-Rogersville,2
2013-09-14,Bloomfield,0,Malden,2
2013-09-14,Meadow Heights,0,Malden,2
2013-09-14,Woodland,2,Malden,0
2013-09-14,Leopold,2,Malden,0
2013-09-14,Marquand-Zion,0,Malden,2
2013-09-14,Exeter,0,Marionville,2
2013-09-14,Sarcoxie,0,Marionville,2
2013-09-14,Verona,2,Marionville,0
2013-09-14,Oakville,0,Marquette,2
2013-09-14,St. Paul Lutheran (Concordia),0,Marshall,2
2013-09-14,Savannah,2,Maryville,0
2013-09-14,Richmond,0,Maryville,2
2013-09-14,Northwest (Hughesville),0,Maryville,2
2013-09-14,Puxico,2,Meadow Heights,0
2013-09-14,Rock Bridge,2,Mehlville,0
2013-09-14,MICDS,2,Mehlville,0
2013-09-14,Northwest (Cedar Hill),2,Mehlville,0
2013-09-14,Webster Groves,0,Mehlville,2
2013-09-14,Lift for Life Academy Charter,0,Mehlville,2
2013-09-14,Lutheran (Kansas City),2,Miami (Amoret),0
2013-09-14,Rock Bridge,2,MICDS,0
2013-09-14,Penney,0,Mid-Buchanan,2
2013-09-14,Plattsburg,1,Mid-Buchanan,1
2013-09-14,West Platte,2,Mid-Buchanan,0
2013-09-14,Winona,2,Neosho,0
2013-09-14,Stockton,0,Neosho,2
2013-09-14,Windsor (Imperial),1,North County,1
2013-09-14,Potosi,0,North County,2
2013-09-14,St. Clair,1,North County,1
2013-09-14,Pacific,0,North County,2
2013-09-14,Ste. Genevieve,0,North County,2
2013-09-14,Arcadia Valley,1,North County,2
2013-09-14,Sparta,2,North Kansas City,0
2013-09-14,Park Hill South,2,North Kansas City,0
2013-09-14,Penney,0,North Platte,2
2013-09-14,MICDS,1,Northwest (Cedar Hill),1
2013-09-14,Rockwood Summit,0,Northwest (Cedar Hill),2
2013-09-14,Rock Bridge,2,Northwest (Cedar Hill),0
2013-09-14,Warsaw,1,Northwest (Hughesville),2
2013-09-14,Richmond,1,Northwest (Hughesville),1
2013-09-14,Jefferson (Festus),0,Notre Dame (Cape Girardeau),2
2013-09-14,Park Hill,2,Oak Grove,0
2013-09-14,Summit Christian Academy,2,Oak Grove,1
2013-09-14,St. Pius X (Kansas City),2,Oak Grove,0
2013-09-14,Winnetonka,2,Oak Grove,0
2013-09-14,Raymore-Peculiar,2,Oak Park,0
2013-09-14,Pembroke Hill,0,Oak Park,2
2013-09-14,Park Hill South,2,Oak Park,0
2013-09-14,Sweet Springs,0,Oak Ridge,2
2013-09-14,Woodland,2,Oak Ridge,0
2013-09-14,Cor Jesu Academy,1,Oakville,1
2013-09-14,Duchesne,0,Oakville,2
2013-09-14,Perryville,2,Oakville,1
2013-09-14,Ellington,1,Oran,2
2013-09-14,Fatima,2,Owensville,0
2013-09-14,Savannah,2,Owensville,0
2013-09-14,Eldon,0,Owensville,2
2013-09-14,Pleasant Hill,0,Ozark,2
2013-09-14,Ste. Genevieve,2,Pacific,0
2013-09-14,Windsor (Imperial),2,Pacific,0
2013-09-14,St. Pius X (Kansas City),1,Park Hill,1
2013-09-14,Winnetonka,0,Park Hill,2
2013-09-14,Staley,2,Park Hill,0
2013-09-14,Sparta,0,Park Hill South,2
2013-09-14,St. Pius X (Kansas City),0,Park Hill South,2
2013-09-14,Staley,0,Park Hill South,2
2013-09-14,Salem,0,Parkview,2
2013-09-14,Liberty (Mountain View),2,Parkview,0
2013-09-14,Thayer,0,Parkview,2
2013-09-14,Licking,0,Parkview,2
2013-09-14,Webb City,0,Parkview,2
2013-09-14,Springfield Catholic,0,Parkway South,2
2013-09-14,Nerinx Hall,2,Parkway South,0
2013-09-14,Troy Buchanan,2,Parkway South,0
2013-09-14,Visitation Academy,1,Parkway West,2
2013-09-14,Duchesne,0,Parkway West,2
2013-09-14,St. Dominic,1,Parkway West,2
2013-09-14,West Platte,2,Penney,0
2013-09-14,Plattsburg,2,Penney,0
2013-09-14,Cor Jesu Academy,2,Perryville,0
2013-09-14,West Platte,2,Plattsburg,0
2013-09-14,Wellington-Napoleon,2,Plattsburg,0
2013-09-14,Seneca,0,Poplar Bluff,2
2013-09-14,Seckman,0,Poplar Bluff,2
2013-09-14,Woodland,2,Poplar Bluff,0
2013-09-14,Jefferson (Festus),2,Portageville,0
2013-09-14,Summersville,0,Portageville,2
2013-09-14,Puxico,2,Portageville,0
2013-09-14,Arcadia Valley,1,Potosi,1
2013-09-14,Viburnum,2,Potosi,0
2013-09-14,Crane,2,Purdy,0
2013-09-14,Marionville,2,Purdy,1
2013-09-14,Everton,0,Purdy,2
2013-09-14,Golden City,0,Purdy,2
2013-09-14,Verona,2,Purdy,0
2013-09-14,South Iron,2,Puxico,0
2013-09-14,Pembroke Hill,0,Raymore-Peculiar,2
2013-09-14,Marshall,1,Raytown,1
2013-09-14,St. Paul Lutheran (Concordia),2,Raytown South,0
2013-09-14,St. Charles,2,Raytown South,0
2013-09-14,Versailles,0,Raytown South,2
2013-09-14,Neosho,1,Ritenour,1
2013-09-14,Winona,2,Ritenour,0
2013-09-14,Green Ridge,0,Ritenour,2
2013-09-14,Lift for Life Academy Charter,0,Rock Bridge,2
2013-09-14,MICDS,2,Rockwood Summit,0
2013-09-14,Visitation Academy,2,Rockwood Summit,0
2013-09-14,Webster Groves,2,Rockwood Summit,0
2013-09-14,Billings,1,Rolla,1
2013-09-14,Licking,0,Rolla,2
2013-09-14,Mountain Grove,0,Rolla,2
2013-09-14,St. Paul Lutheran (Concordia),2,Ruskin,0
2013-09-14,Grandview,0,Ruskin,2
2013-09-14,William Chrisman,2,Ruskin,0
2013-09-14,Tipton,2,Sarcoxie,0
2013-09-14,Liberty (Mountain View),2,Salem,0
2013-09-14,Webb City,2,Salem,0
2013-09-14,Verona,1,Sarcoxie,0
2013-09-14,Fatima,2,Savannah,0
2013-09-14,California,0,Savannah,2
2013-09-14,Eldon,1,Savannah,1
2013-09-14,Zalma,0,Seckman,2
2013-09-14,Oak Ridge,1,Seckman,2
2013-09-14,Greenville,0,Seckman,2
2013-09-14,Puxico,0,Seckman,2
2013-09-14,Eminence,2,Senath-Hornersville,0
2013-09-14,Seneca,2,Senath-Hornersville,1
2013-09-14,Willard,2,Sherwood,0
2013-09-14,New Haven,2,Sikeston,0
2013-09-14,Kennett,2,Sikeston,1
2013-09-14,Puxico,2,Sikeston,0
2013-09-14,Cameron,0,Savannah,2
2013-09-14,Northwest (Hughesville),0,Savannah,2
2013-09-14,Richmond,0,Savannah,2
2013-09-14,Pembroke Hill,1,Sparta,2
2013-09-14,Fort Osage,2,Sparta,1
2013-09-14,Kennett,1,South Iron,2
2013-09-14,Woodland,2,Summersville,0
2013-09-14,Willow Springs,0,Union,2
2013-09-14,School of the Ozarks,0,Spokane,2
2013-09-14,Springfield Catholic,1,Spokane,1
2013-09-14,School of the Ozarks,0,Springfield Catholic,2
2013-09-14,Ft. Zumwalt East,2,St. Charles West,1
2013-09-14,Veritas Christian Academy,0,St. Charles West,2
2013-09-14,Windsor (Imperial),2,St. Clair,0
2013-09-14,Liberty North,0,St. Pius X (Kansas City),2
2013-09-14,Jefferson (Festus),2,St. Vincent,0
2013-09-14,Liberty North,1,Staley,1
2013-09-14,Windsor (Imperial),1,Ste. Genevieve,1
2013-09-14,Liberty North,2,Summit Christian Academy,0
2013-09-14,Staley,2,Summit Christian Academy,0
2013-09-14,Helias Catholic,2,Thayer,0
2013-09-14,Plattsburg,0,Trenton,2
2013-09-14,Springfield Catholic,1,Troy Buchanan,2
2013-09-14,Cor Jesu Academy,2,Troy Buchanan,0
2013-09-14,William Chrisman,0,St. Charles,2
2013-09-14,St. Paul Lutheran (Concordia),1,St. Charles,2
2013-09-14,Versailles,0,St. Charles,2
2013-09-14,Sweet Springs,0,St. Clair,2
2013-09-14,Seneca,0,St. Clair,2
2013-09-14,Campbell,2,St. Clair,0
2013-09-14,Visitation Academy,2,Villa Duchesne,1
2013-09-14,Cameron,1,Warrensburg,1
2013-09-14,Warsaw,1,Warrensburg,1
2013-09-14,Richmond,0,Warrensburg,2
2013-09-14,Northwest (Hughesville),2,Warrensburg,1
2013-09-14,Cor Jesu Academy,2,Washington,0
2013-09-14,Duchesne,2,Washington,1
2013-09-14,Helias Catholic,2,Webb City,0
2013-09-14,West Plains,1,Webb City,1
2013-09-14,Thayer,0,Webb City,2
2013-09-14,Rock Bridge,2,Webster Groves,0
2013-09-14,Lift for Life Academy Charter,0,Webster Groves,2
2013-09-14,Thayer,0,West Plains,2
2013-09-14,Helias Catholic,2,West Plains,0
2013-09-14,Green Ridge,0,Willard,2
2013-09-14,Stockton,0,Willard,2
2013-09-14,Winona,1,Willard,2
2013-09-14,St. Paul Lutheran (Concordia),0,William Chrisman,2
2013-09-14,Grandview,0,William Chrisman,2
2013-09-14,Marshall,0,William Chrisman,2
2013-09-14,St. Pius X (Kansas City),2,Winnetonka,0
2013-09-14,Fort Osage,2,Winnetonka,1
2013-09-16,Sherwood,0,Adrian,2
2013-09-16,Bernie,1,Advance,2
2013-09-16,Hickman,2,Battle,0
2013-09-16,Purdy,0,Billings,2
2013-09-16,Chamois,0,Blair Oaks,2
2013-09-16,Dexter,2,Bloomfield,0
2013-09-16,Fair Grove,0,Buffalo,2
2013-09-16,Parkview,2,Carthage,0
2013-09-16,Grandview,2,Center,0
2013-09-16,Senath-Hornersville,0,Central (New Madrid County),2
2013-09-16,California,2,Cole Camp,0
2013-09-16,Green Ridge,2,Concordia,1
2013-09-16,Santa Fe,2,Concordia,0
2013-09-16,Windsor,0,Crest Ridge,2
2013-09-16,Affton,2,Crossroads College Preparatory,0
2013-09-16,Kingston,0,Crystal City,2
2013-09-16,Springfield Catholic,0,Duchesne,2
2013-09-16,Linn,2,Eugene,0
2013-09-16,Sparta,2,Excelsior Springs,1
2013-09-16,Crane,2,Exeter,0
2013-09-16,St. Pius X (Festus),2,Farmington,1
2013-09-16,Helias Catholic,2,Father Tolton,0
2013-09-16,Plato,1,Fordland,2
2013-09-16,Seneca,0,Fredericktown,2
2013-09-16,Santa Fe,2,Green Ridge,1
2013-09-16,Bowling Green,0,Hannibal,2
2013-09-16,Charleston,0,Hayti,2
2013-09-16,University City,0,Hazelwood Central,2
2013-09-16,Clarkton,2,Holcomb,0
2013-09-16,Francis Howell Central,2,Holt,0
2013-09-16,Blue Eye,0,Hurley,2
2013-09-16,Francis Howell,2,Incarnate Word Academy,0
2013-09-16,Fatima,0,Jefferson City,2
2013-09-16,Archie,1,Kingsville,1
2013-09-16,Oak Grove,2,Knob Noster,0
2013-09-16,Chillicothe,1,Lafayette County,2
2013-09-16,Greenfield,0,Lamar,2
2013-09-16,Orrick,2,Lathrop,0
2013-09-16,Golden City,0,Liberal,2
2013-09-16,Veritas Christian Academy,0,Lutheran St. Charles,2
2013-09-16,Savannah,2,Marshall,1
2013-09-16,Sarcoxie,2,McAuley Catholic,0
2013-09-16,Jennings,0,McCluer,2
2013-09-16,McCluer South-Berkeley,2,McCluer,1
2013-09-16,Centralia,2,Mexico,1
2013-09-16,St. Joseph Christian,0,Mid-Buchanan,2
2013-09-16,Bishop LeBlond,2,Mound City,0
2013-09-16,McCluer North,2,Normandy Collaborative,0
2013-09-16,Hogan Prep Academy Charter,0,North Platte,2
2013-09-16,Clayton,1,Notre Dame (St. Louis),2
2013-09-16,Dixon,2,Osage,1
2013-09-16,Veritas Christian Academy,0,Pacific,2
2013-09-16,Mt. Vernon,2,Pierce City,0
2013-09-16,Sikeston,0,Puxico,2
2013-09-16,Belton,0,Raymore-Peculiar,2
2013-09-16,Marshfield,0,Republic,2
2013-09-16,Zalma,1,Richland (Essex),2
2013-09-16,West Plains,2,Salem,0
2013-09-16,Woodland,2,Saxony Lutheran,0
2013-09-16,Parkway West,2,Seckman,0
2013-09-16,McDonald County,1,Seneca,2
2013-09-16,University Academy Charter,2,Southeast,0
2013-09-16,Cassville,0,Southwest (Washburn),2
2013-09-16,Bradleyville,0,Union,2
2013-09-16,School of the Ozarks,0,Spokane,2
2013-09-16,St. Joseph's Academy,2,St. Dominic,0
2013-09-16,Bolivar,2,Stockton,0
2013-09-16,Cabool,1,Winona,2
2013-09-16,Smithton,0,Sweet Springs,2
2013-09-16,St. Charles,0,Timberland,2
2013-09-16,Penney,0,Trenton,2
2013-09-16,John F. Kennedy,2,Trinity Catholic,0
2013-09-16,Caruthersville,0,St. Clair,2
2013-09-16,Bishop DuBourg,0,Ursuline Academy,2
2013-09-16,St. Paul Lutheran (Concordia),0,Valle Catholic,3
2013-09-16,Bunker,0,Valley,2
2013-09-16,John Burroughs,0,Visitation Academy,2
2013-09-16,Conway,0,Waynesville,2
2013-09-17,Butler,2,Adrian,0
2013-09-17,Fredericktown,1,Arcadia Valley,2
2013-09-17,Midway,2,Archie,0
2013-09-17,Reeds Spring,2,Aurora,0
2013-09-17,Brentwood,2,Bayless,0
2013-09-17,Risco,0,Bell City,3
2013-09-17,North Kansas City,2,Belton,0
2013-09-17,Maryville,2,Benton,0
2013-09-17,Pembroke Hill,0,Bishop LeBlond,2
2013-09-17,Lee's Summit,0,Blue Springs,2
2013-09-17,Liberty,2,Blue Springs South,1
2013-09-17,Branson,0,Bolivar,2
2013-09-17,Lafayette County,1,Boonville,2
2013-09-17,Ellington,1,Bunker,2
2013-09-17,Warsaw,0,California,2
2013-09-17,Sweet Springs,0,Campbell,2
2013-09-17,Chillicothe,2,Carrollton,0
2013-09-17,Hayti,2,Caruthersville,1
2013-09-17,Wheaton,0,Cassville,2
2013-09-17,Jackson,2,Central (Cape Girardeau),0
2013-09-17,Cristo Rey,2,Central (Kansas City),1
2013-09-17,Charleston,0,Central (New Madrid County),2
2013-09-17,Springfield Catholic,0,Central (Springfield),2
2013-09-17,Kingsville,2,Chilhowee,0
2013-09-17,Malden,2,Clarkton,0
2013-09-17,Lift for Life Academy Charter,1,Cleveland NJROTC,2
2013-09-17,Sacred Heart,0,Cole Camp,2
2013-09-17,Carnahan,2,College Preparatory,0
2013-09-17,Barstow,2,Crest Ridge,0
2013-09-17,Maplewood-Richmond Hts.,1,Crossroads College Preparatory,2
2013-09-17,Warsaw,2,Cuba,0
2013-09-17,Seneca,0,Dexter,2
2013-09-17,Miami (Amoret),0,Drexel,2
2013-09-17,Pierce City,2,East Newton,0
2013-09-17,Pleasant Hope,0,El Dorado Springs,2
2013-09-17,Blair Oaks,2,Eldon,0
2013-09-17,Cor Jesu Academy,2,Eureka,0
2013-09-17,School of the Ozarks,2,Exeter,0
2013-09-17,Clever,0,Forsyth,2
2013-09-17,Affton,0,Fox,2
2013-09-17,Troy Buchanan,0,Francis Howell Central,2
2013-09-17,Ft. Zumwalt West,2,Francis Howell North,0
2013-09-17,Ft. Zumwalt East,2,Ft. Zumwalt South,0
2013-09-17,Southwest (Washburn),2,Galena,0
2013-09-17,Delta (Deering),0,Gideon,2
2013-09-17,Versailles,2,Hallsville,1
2013-09-17,Valley Park,2,Hancock,0
2013-09-17,University Academy Charter,2,Hogan Prep Academy Charter,0
2013-09-17,Odessa,0,Holden,2
2013-09-17,Rolla,0,Jefferson City,2
2013-09-17,Carthage,2,Joplin,0
2013-09-17,Fulton,1,Kirksville,2
2013-09-17,Lutheran South,2,Ladue Horton Watkins,0
2013-09-17,McAuley Catholic,1,Lamar,2
2013-09-17,Lexington,0,Lawson,2
2013-09-17,Meadow Heights,0,Lesterville,2
2013-09-17,Jasper,1,Liberal,2
2013-09-17,Cabool,2,Licking,0
2013-09-17,Webster Groves,2,Lindbergh,0
2013-09-17,Lebanon,0,Logan-Rogersville,2
2013-09-17,St. Paul Lutheran (Concordia),2,Lutheran (Kansas City),0
2013-09-17,Sweet Springs,2,Malta Bend,0
2013-09-17,Parkway South,0,Marquette,2
2013-09-17,Grain Valley,2,Marshall,0
2013-09-17,Hillcrest,1,Marshfield,2
2013-09-17,Riverview Gardens,2,McCluer South-Berkeley,1
2013-09-17,Monett,0,McDonald County,2
2013-09-17,Tarkio,1,Montgomery County,1
2013-09-17,Diamond,0,New Heights Christian,2
2013-09-17,Parkview,0,Nixa,2
2013-09-17,St. James,2,Nodaway-Holt,0
2013-09-17,Cooter,2,North Pemiscot,1
2013-09-17,Lone Jack,0,North Platte,2
2013-09-17,Normandy Collaborative,0,North Technical,2
2013-09-17,Hume,2,Northeast Vernon County,0
2013-09-17,Parkway North,2,Northwest (Cedar Hill),0
2013-09-17,Smithton,0,Northwest (Hughesville),2
2013-09-17,Ste. Genevieve,0,Notre Dame (Cape Girardeau),2
2013-09-17,Staley,2,Oak Park,1
2013-09-17,Villa Duchesne,2,Oakville,0
2013-09-17,St. Teresa's Academy,2,O'Hara,0
2013-09-17,St. Charles West,2,Orchard Farm,0
2013-09-17,Waynesville,2,Osage,1
2013-09-17,Rich Hill,0,Osceola,2
2013-09-17,Fatima,2,Owensville,0
2013-09-17,Lee's Summit North,1,Park Hill,2
2013-09-17,Lee's Summit West,0,Park Hill South,2
2013-09-17,Lafayette (Wildwood),2,Parkway West,0
2013-09-17,Parkway Central,0,Pattonville,3
2013-09-17,Cameron,2,Penney,0
2013-09-17,Liberty North,0,Platte County,2
2013-09-17,Orrick,2,Plattsburg,0
2013-09-17,Thomas Jefferson Independent Day,0,Purdy,2
2013-09-17,Central (St. Joseph),0,Raytown,2
2013-09-17,Kickapoo,2,Republic,0
2013-09-17,Hermann,0,Rock Bridge,2
2013-09-17,Miller Career Academy,0,Roosevelt,2
2013-09-17,St. Charles,2,Ruskin,0
2013-09-17,Linn,2,Sarcoxie,0
2013-09-17,Everton,1,Sarcoxie,2
2013-09-17,Portageville,0,Summersville,2
2013-09-17,Fair Grove,2,Spokane,0
2013-09-17,Duchesne,2,St. Charles,0
2013-09-17,Kingston,1,St. Clair,2
2013-09-17,Bishop DuBourg,0,St. Joseph's Academy,2
2013-09-17,Pleasant Hill,0,St. Pius X (Kansas City),2
2013-09-17,Crystal City,0,St. Vincent,2
2013-09-17,Lincoln,0,Willard,2
2013-09-17,Waynesville,2,West Plains,0
2013-09-17,Wright City,2,Thayer,0
2013-09-17,Francis Howell,2,Timberland,0
2013-09-17,Eugene,0,Tipton,2
2013-09-17,Greenville,2,St. Clair,0
2013-09-17,Kirkwood,2,Ursuline Academy,1
2013-09-17,Oak Grove,2,Warrensburg,0
2013-09-17,Winfield,2,Warrenton,1
2013-09-17,Ft. Zumwalt North,1,Washington,2
2013-09-17,Concordia,2,Wellington-Napoleon,1
2013-09-17,Marquand-Zion,0,West County,2
2013-09-17,Liberty (Mountain View),2,West Plains,0
2013-09-17,MICDS,2,Westminster Christian Academy,0
2013-09-17,Notre Dame (St. Louis),2,Whitfield,0
2013-09-17,Glendale,2,Willard,0
2013-09-17,Kearney,2,Winnetonka,0
2013-09-17,Eminence,0,Winona,2
2013-09-17,Mexico,1,Wright City,2
2013-09-17,Oak Ridge,2,Zalma,1
2013-09-18,Clayton,2,Brentwood,0
2013-09-18,Oak Ridge,0,Greenville,2
2013-09-18,Ritenour,2,Hazelwood Central,0
2013-09-18,Riverview Gardens,0,Hazelwood East,2
2013-09-18,Cardinal Ritter,0,John F. Kennedy,2
2013-09-18,Lee's Summit West,2,Lee's Summit,1
2013-09-18,Chilhowee,0,Lone Jack,2
2013-09-18,McCluer,0,McCluer North,2
2013-09-18,Mehlville,0,Nerinx Hall,2
2013-09-18,Maplewood-Richmond Hts.,2,Normandy Collaborative,0
2013-09-18,Eureka,2,Oakville,0
2013-09-18,Hazelwood West,0,Pattonville,2
2013-09-18,Ruskin,0,Raytown South,2
2013-09-18,Springfield Catholic,0,St. Dominic,2
2013-09-18,Notre Dame (Cape Girardeau),2,St. Vincent,0
2013-09-18,Lutheran St. Charles,2,Trinity Catholic,1
2013-09-18,Jennings,1,University City,2
2013-09-18,Troy Buchanan,2,Westminster Christian Academy,0
2013-09-19,Crest Ridge,1,Archie,2
2013-09-19,Adrian,3,Ballard,0
2013-09-19,Winfield,2,Barat Academy,0
2013-09-19,Richland (Essex),1,Bell City,3
2013-09-19,Sparta,2,Benton,0
2013-09-19,Dexter,2,Bernie,0
2013-09-19,Crane,0,Billings,2
2013-09-19,Duchesne,2,Bishop DuBourg,1
2013-09-19,California,1,Blair Oaks,2
2013-09-19,Central (Cape Girardeau),1,Bloomfield,2
2013-09-19,Springfield Catholic,2,Blue Eye,0
2013-09-19,Raymore-Peculiar,0,Blue Springs South,2
2013-09-19,Montgomery County,2,Bowling Green,0
2013-09-19,Logan-Rogersville,2,Branson,0
2013-09-19,Central (Springfield),0,Buffalo,2
2013-09-19,Wright City,2,Calvary Lutheran,0
2013-09-19,Savannah,2,Cameron,1
2013-09-19,McDonald County,0,Carl Junction,3
2013-09-19,Waynesville,0,Carnahan,2
2013-09-19,Marshall,2,Carrollton,0
2013-09-19,Stockton,0,Carthage,2
2013-09-19,University Academy Charter,2,Central (Kansas City),1
2013-09-19,Oran,1,Central (New Madrid County),2
2013-09-19,Liberty,2,Central (St. Joseph),0
2013-09-19,Cabool,2,Chadwick,0
2013-09-19,Bishop LeBlond,2,Chillicothe,0
2013-09-19,Miller Career Academy,2,Cleveland NJROTC,0
2013-09-19,St. Pius X (Kansas City),2,Clinton,0
2013-09-19,Northwest (Hughesville),0,Cole Camp,2
2013-09-19,Lone Jack,0,Concordia,2
2013-09-19,Holcomb,2,Cooter,1
2013-09-19,East (Kansas City),0,Cristo Rey,2
2013-09-19,St. Clair,1,Cuba,2
2013-09-19,Southwest (Washburn),0,Diamond,2
2013-09-19,Charleston,0,Doniphan,2
2013-09-19,Sherwood,0,Drexel,2
2013-09-19,Lamar,0,El Dorado Springs,2
2013-09-19,Bunker,0,Eminence,2
2013-09-19,Osage,2,Eugene,0
2013-09-19,Willard,1,Fair Grove,2
2013-09-19,Battle,1,Father Tolton,2
2013-09-19,Linn,0,Fatima,2
2013-09-19,Windsor (Imperial),2,Festus,0
2013-09-19,Ava,0,Forsyth,2
2013-09-19,Oak Park,2,Fort Osage,0
2013-09-19,Lindbergh,2,Fox,0
2013-09-19,Francis Howell Central,2,Francis Howell North,1
2013-09-19,Boonville,2,Fulton,0
2013-09-19,Risco,0,Gideon,2
2013-09-19,Pembroke Hill,1,Grain Valley,2
2013-09-19,Winnetonka,2,Grandview,0
2013-09-19,Eldon,0,Hallsville,2
2013-09-19,Trinity Catholic,1,Hazelwood Central,2
2013-09-19,Hermann,0,Helias Catholic,2
2013-09-19,Parkview,2,Hillcrest,0
2013-09-19,Harrisonville,1,Holden,2
2013-09-19,Aurora,0,Hollister,2
2013-09-19,Miami (Amoret),0,Hume,2
2013-09-19,St. Vincent,1,Jefferson (Festus),2
2013-09-19,Normandy Collaborative,2,Jennings,0
2013-09-19,John F. Kennedy,1,John Burroughs,2
2013-09-19,Rolla,0,Joplin,2
2013-09-19,Platte County,0,Kearney,2
2013-09-19,Camdenton,0,Kickapoo,2
2013-09-19,Valley,0,Kingston,2
2013-09-19,Trenton,0,Kirksville,2
2013-09-19,Clayton,1,Ladue Horton Watkins,1
2013-09-19,Maryville,2,Lafayette (St. Joseph),1
2013-09-19,Kirkwood,0,Lafayette (Wildwood),2
2013-09-19,Santa Fe,1,Lafayette County,2
2013-09-19,West Plains,0,Lebanon,2
2013-09-19,St. Teresa's Academy,2,Lee's Summit North,0
2013-09-19,St. Charles,0,Lee's Summit West,2
2013-09-19,Advance,0,Leopold,2
2013-09-19,Sacred Heart,2,Lincoln,0
2013-09-19,McCluer,0,Lutheran North,2
2013-09-19,Crossroads College Preparatory,2,Maplewood-Richmond Hts.,0
2013-09-19,Affton,2,McCluer South-Berkeley,0
2013-09-19,Northwest (Cedar Hill),2,Mehlville,0
2013-09-19,Hannibal,2,Mexico,0
2013-09-19,Neosho,2,Monett,1
2013-09-19,Nodaway-Holt,0,Mound City,2
2013-09-19,Winona,2,Mountain Grove,1
2013-09-19,Centralia,0,New Haven,2
2013-09-19,Seneca,2,New Heights Christian,0
2013-09-19,Bismarck,1,North County,2
2013-09-19,Staley,2,North Kansas City,0
2013-09-19,Senath-Hornersville,1,North Pemiscot,2
2013-09-19,Lathrop,0,North Platte,2
2013-09-19,Principia,0,Notre Dame (Cape Girardeau),2
2013-09-19,Principia,0,Notre Dame (St. Louis),2
2013-09-19,Rock Bridge,2,Notre Dame de Sion,0
2013-09-19,Nerinx Hall,2,Oakville,1
2013-09-19,St. Paul Lutheran (Concordia),2,Odessa,0
2013-09-19,Pleasant Hope,0,Osceola,2
2013-09-19,Park Hill South,2,Park Hill,0
2013-09-19,Webster Groves,2,Parkway Central,0
2013-09-19,Rockwood Summit,0,Parkway North,2
2013-09-19,Marquette,2,Parkway West,1
2013-09-19,Lawson,2,Penney,0
2013-09-19,Mid-Buchanan,2,Plattsburg,0
2013-09-19,Oak Grove,0,Pleasant Hill,2
2013-09-19,Arcadia Valley,2,Potosi,0
2013-09-19,Liberty North,2,Raytown South,0
2013-09-19,Republic,0,Reeds Spring,2
2013-09-19,Lakeland,0,Rich Hill,2
2013-09-19,Wellington-Napoleon,2,Richmond,0
2013-09-19,St. James,0,Rock Port,2
2013-09-19,Licking,2,Salem,0
2013-09-19,University City,0,Seckman,2
2013-09-19,Liberal,2,Sheldon,0
2013-09-19,Poplar Bluff,2,Sikeston,0
2013-09-19,Versailles,0,Savannah,2
2013-09-19,Roosevelt,1,Soldan International Studies,2
2013-09-19,Caruthersville,0,Summersville,2
2013-09-19,Sarcoxie,0,Southern Boone,2
2013-09-19,Delta (Deering),2,Sweet Springs,0
2013-09-19,Northeast (Kansas City),2,Southwest Early College,0
2013-09-19,Hurley,0,Union,2
2013-09-19,Clever,1,Spokane,2
2013-09-19,Orchard Farm,0,St. Charles,2
2013-09-19,Lutheran (Kansas City),2,St. Joseph Christian,0
2013-09-19,Central (Park Hills),2,Webb City,1
2013-09-19,Willow Springs,2,Thayer,0
2013-09-19,McAuley Catholic,1,Thomas Jefferson Independent Day,2
2013-09-19,Ft. Zumwalt West,1,Timberland,2
2013-09-19,Malden,2,St. Clair,0
2013-09-19,Bourbon,0,Tarkio,2
2013-09-19,Ft. Zumwalt South,2,Veritas Christian Academy,0
2013-09-19,Jasper,2,Verona,0
2013-09-19,St. Joseph's Academy,2,Villa Duchesne,1
2013-09-19,Center,0,Warrensburg,2
2013-09-19,St. Charles West,0,Warrenton,2
2013-09-19,Skyline,0,Warsaw,2
2013-09-19,Lexington,2,Wentworth Military Academy,0
2013-09-19,Sarcoxie,0,Wheaton,2
2013-09-19,Raytown,0,William Chrisman,2
2013-09-19,Tipton,0,Windsor,2
2013-09-19,South Iron,0,Winona,2
2013-09-20,North Technical,0,Barat Academy,2
2013-09-20,Lutheran South,1,Bishop DuBourg,2
2013-09-20,Riverview Gardens,0,Crossroads College Preparatory,2
2013-09-20,Pacific,0,Eureka,2
2013-09-20,Chadwick,0,Everton,2
2013-09-20,Saxony Lutheran,0,Lesterville,2
2013-09-20,Calvary Lutheran,2,Malta Bend,0
2013-09-20,Hancock,0,Maplewood-Richmond Hts.,2
2013-09-20,Bismarck,2,Meadow Heights,0
2013-09-20,Whitfield,0,MICDS,2
2013-09-20,Advance,2,Richland (Essex),0
2013-09-20,Gideon,0,Summersville,2
2013-09-20,North Pemiscot,2,Sweet Springs,0
2013-09-20,St. Pius X (Festus),0,St. Joseph's Academy,2
2013-09-20,Bayless,2,Valley Park,0
2013-09-20,East Newton,1,Wheaton,2
2013-09-20,Woodland,2,Zalma,0
2013-09-21,Barstow,1,Archie,1
2013-09-21,Windsor,2,Archie,0
2013-09-21,Sweet Springs,2,Archie,0
2013-09-21,Billings,1,Ash Grove,1
2013-09-21,Monett,1,Ash Grove,1
2013-09-21,Diamond,0,Ash Grove,2
2013-09-21,Miller,0,Ash Grove,2
2013-09-21,Fair Grove,2,Ash Grove,0
2013-09-21,Poplar Bluff,2,Ava,0
2013-09-21,Willow Springs,2,Ava,0
2013-09-21,Mountain Grove,2,Ava,0
2013-09-21,Thayer,0,Ava,2
2013-09-21,New Haven,2,Belle,0
2013-09-21,Winfield,2,Belle,0
2013-09-21,Summit Christian Academy,0,Belton,2
2013-09-21,Bishop LeBlond,1,Belton,1
2013-09-21,Platte County,2,Belton,0
2013-09-21,Battle,0,Belton,2
2013-09-21,Raytown South,0,Belton,2
2013-09-21,Battle,0,Benton,2
2013-09-21,Summit Christian Academy,2,Benton,0
2013-09-21,Diamond,0,Billings,2
2013-09-21,Pierce City,2,Billings,1
2013-09-21,Rich Hill,0,Billings,2
2013-09-21,Summit Christian Academy,1,Bishop LeBlond,1
2013-09-21,Crane,2,Blue Eye,0
2013-09-21,Wheaton,1,Blue Eye,2
2013-09-21,El Dorado Springs,1,Bolivar,2
2013-09-21,Herculaneum,2,Bourbon,0
2013-09-21,New Haven,2,Bowling Green,0
2013-09-21,Winfield,2,Bowling Green,0
2013-09-21,Belle,2,Bowling Green,0
2013-09-21,Pleasant Hope,2,Bronaugh,0
2013-09-21,Thomas Jefferson Independent Day,2,Bronaugh,0
2013-09-21,McAuley Catholic,2,Bronaugh,0
2013-09-21,El Dorado Springs,0,Buffalo,2
2013-09-21,Clever,0,Buffalo,2
2013-09-21,Bolivar,0,Buffalo,2
2013-09-21,South Iron,2,Bunker,0
2013-09-21,West County,2,Bunker,0
2013-09-21,El Dorado Springs,2,Butler,0
2013-09-21,Clever,2,Butler,0
2013-09-21,Thayer,0,Cabool,2
2013-09-21,Winona,0,Cabool,2
2013-09-21,Liberty (Mountain View),1,Cabool,1
2013-09-21,Plato,0,Cabool,2
2013-09-21,St. Joseph's Academy,2,Camdenton,0
2013-09-21,Kickapoo,2,Camdenton,0
2013-09-21,Republic,2,Camdenton,0
2013-09-21,Carl Junction,2,Camdenton,0
2013-09-21,Nixa,1,Carl Junction,1
2013-09-21,St. Joseph's Academy,2,Carl Junction,0
2013-09-21,Westminster Christian Academy,0,Carl Junction,2
2013-09-21,Chillicothe,2,Carrollton,0
2013-09-21,Odessa,2,Carrollton,0
2013-09-21,Penney,0,Carrollton,2
2013-09-21,Wheaton,1,Cassville,1
2013-09-21,Forsyth,1,Cassville,1
2013-09-21,Stockton,0,Central (Springfield),2
2013-09-21,Sparta,0,Central (Springfield),2
2013-09-21,Excelsior Springs,2,Chillicothe,1
2013-09-21,Odessa,0,Chillicothe,2
2013-09-21,Kirksville,0,Chillicothe,2
2013-09-21,Penney,0,Chillicothe,2
2013-09-21,Greenville,0,Clearwater,2
2013-09-21,Ellington,0,Clearwater,2
2013-09-21,West County,0,Clearwater,2
2013-09-21,Midway,2,Clinton,0
2013-09-21,Harrisonville,0,Clinton,2
2013-09-21,Northwest (Hughesville),1,Clinton,1
2013-09-21,Knob Noster,2,Clinton,1
2013-09-21,Father Tolton,0,Clinton,2
2013-09-21,Father Tolton,0,Concordia,2
2013-09-21,La Monte,0,Concordia,2
2013-09-21,Midway,2,Concordia,0
2013-09-21,Jefferson (Festus),2,Crystal City,0
2013-09-21,St. James,0,Crystal City,2
2013-09-21,Herculaneum,1,Crystal City,1
2013-09-21,Cuba,1,Crystal City,1
2013-09-21,Jefferson (Festus),2,Cuba,0
2013-09-21,Herculaneum,1,Cuba,1
2013-09-21,Fair Grove,2,Diamond,0
2013-09-21,Clearwater,2,Doniphan,0
2013-09-21,Greenville,0,Doniphan,2
2013-09-21,West County,2,Doniphan,0
2013-09-21,Ellington,0,Doniphan,2
2013-09-21,Mid-Buchanan,1,East Buchanan,1
2013-09-21,Lathrop,0,East Buchanan,2
2013-09-21,Wellington-Napoleon,2,East Buchanan,0
2013-09-21,Orrick,2,East Buchanan,0
2013-09-21,Richmond,0,Excelsior Springs,2
2013-09-21,Thomas Jefferson Independent Day,2,Exeter,0
2013-09-21,McAuley Catholic,1,Exeter,1
2013-09-21,Sheldon,0,Exeter,2
2013-09-21,Pierce City,0,Fair Grove,2
2013-09-21,Miller,0,Fair Grove,2
2013-09-21,Rich Hill,0,Fair Grove,2
2013-09-21,Wheaton,1,Forsyth,1
2013-09-21,Verona,1,Forsyth,2
2013-09-21,Whitfield,0,Ft. Zumwalt North,2
2013-09-21,Parkway North,2,Ft. Zumwalt North,0
2013-09-21,Pattonville,2,Ft. Zumwalt North,0
2013-09-21,Hazelwood Central,2,Ft. Zumwalt North,0
2013-09-21,John Burroughs,2,Ft. Zumwalt South,0
2013-09-21,Valle Catholic,2,Ft. Zumwalt South,0
2013-09-21,St. Charles,1,Ft. Zumwalt South,2
2013-09-21,Hazelwood West,2,Ft. Zumwalt South,1
2013-09-21,Lafayette (Wildwood),1,Glendale,1
2013-09-21,Lebanon,0,Glendale,2
2013-09-21,Republic,0,Glendale,2
2013-09-21,Notre Dame de Sion,2,Grain Valley,0
2013-09-21,Bourbon,0,Grandview (Hillsboro),2
2013-09-21,Cuba,2,Grandview (Hillsboro),0
2013-09-21,El Dorado Springs,2,Greenfield,0
2013-09-21,Buffalo,2,Greenfield,0
2013-09-21,Marshfield,2,Greenfield,1
2013-09-21,Ellington,0,Greenville,2
2013-09-21,Marshall,0,Hannibal,2
2013-09-21,Midway,2,Harrisonville,0
2013-09-21,Northwest (Hughesville),2,Harrisonville,0
2013-09-21,Whitfield,0,Hazelwood Central,2
2013-09-21,Parkway North,2,Hazelwood Central,0
2013-09-21,Pattonville,2,Hazelwood Central,0
2013-09-21,Ft. Zumwalt East,1,Hazelwood Central,2
2013-09-21,McCluer,2,Hazelwood East,0
2013-09-21,Normandy Collaborative,1,Hazelwood East,2
2013-09-21,University City,0,Hazelwood East,2
2013-09-21,Jennings,0,Hazelwood East,2
2013-09-21,John Burroughs,2,Hazelwood West,1
2013-09-21,Veritas Christian Academy,0,Hazelwood West,2
2013-09-21,Valle Catholic,2,Hazelwood West,0
2013-09-21,Jefferson (Festus),2,Herculaneum,0
2013-09-21,St. Charles,2,Hickman,0
2013-09-21,Lee's Summit,2,Hickman,0
2013-09-21,Park Hill,2,Hickman,0
2013-09-21,Oak Park,2,Hickman,0
2013-09-21,Sacred Heart,1,Hillcrest,1
2013-09-21,Reeds Spring,2,Hillcrest,0
2013-09-21,Stockton,1,Hillcrest,1
2013-09-21,Waynesville,2,Hillcrest,0
2013-09-21,Mid-Buchanan,2,Hogan Prep Academy Charter,0
2013-09-21,North Platte,2,Hogan Prep Academy Charter,0
2013-09-21,Lathrop,2,Hogan Prep Academy Charter,0
2013-09-21,Trenton,2,Hogan Prep Academy Charter,0
2013-09-21,Lone Jack,1,Holden,1
2013-09-21,Versailles,1,Holden,1
2013-09-21,Sherwood,2,Holden,0
2013-09-21,Montgomery County,0,Holt,2
2013-09-21,Orchard Farm,0,Holt,2
2013-09-21,Wright City,0,Holt,2
2013-09-21,Lee's Summit North,2,Jefferson City,0
2013-09-21,Liberty North,0,Jefferson City,2
2013-09-21,O'Hara,1,Jefferson City,1
2013-09-21,Oak Park,2,Jefferson City,0
2013-09-21,Winnetonka,0,Jefferson City,2
2013-09-21,St. Charles,1,Jefferson City,2
2013-09-21,McCluer,2,Jennings,0
2013-09-21,Normandy Collaborative,0,Jennings,2
2013-09-21,University City,2,Jennings,0
2013-09-21,Valle Catholic,2,John Burroughs,1
2013-09-21,John F. Kennedy,2,John Burroughs,0
2013-09-21,Veritas Christian Academy,0,John F. Kennedy,2
2013-09-21,Valle Catholic,2,John F. Kennedy,0
2013-09-21,Sparta,1,Joplin,1
2013-09-21,Reeds Spring,2,Joplin,0
2013-09-21,Central (Springfield),2,Joplin,0
2013-09-21,Sacred Heart,0,Joplin,2
2013-09-21,Waynesville,1,Joplin,2
2013-09-21,St. Joseph's Academy,1,Kickapoo,1
2013-09-21,Lafayette (Wildwood),2,Kickapoo,0
2013-09-21,Republic,0,Kickapoo,2
2013-09-21,Lafayette County,2,Kickapoo,0
2013-09-21,Clearwater,2,Kingston,0
2013-09-21,South Iron,0,Kingston,2
2013-09-21,Bunker,0,Kingston,2
2013-09-21,West County,1,Kingston,1
2013-09-21,Excelsior Springs,2,Kirksville,0
2013-09-21,Lawson,0,Kirksville,2
2013-09-21,Richmond,0,Kirksville,2
2013-09-21,Odessa,2,Kirksville,0
2013-09-21,Concordia,2,Knob Noster,0
2013-09-21,La Monte,1,Knob Noster,1
2013-09-21,Father Tolton,1,Knob Noster,1
2013-09-21,Northwest (Hughesville),1,Knob Noster,2
2013-09-21,Father Tolton,2,La Monte,0
2013-09-21,Lebanon,0,Lafayette (St. Joseph),2
2013-09-21,Lebanon,0,Lafayette (Wildwood),2
2013-09-21,Nixa,0,Lafayette (Wildwood),2
2013-09-21,Mid-Buchanan,0,Lathrop,2
2013-09-21,Orrick,2,Lathrop,0
2013-09-21,Wellington-Napoleon,2,Lathrop,0
2013-09-21,Excelsior Springs,2,Lawson,0
2013-09-21,Richmond,0,Lawson,2
2013-09-21,Westminster Christian Academy,2,Lebanon,1
2013-09-21,Oak Park,1,Lee's Summit,1
2013-09-21,Rock Bridge,2,Lee's Summit,1
2013-09-21,Park Hill South,2,Lee's Summit,0
2013-09-21,Liberty,2,Lee's Summit,0
2013-09-21,O'Hara,2,Lee's Summit North,0
2013-09-21,Winnetonka,0,Lee's Summit North,2
2013-09-21,Rock Bridge,2,Lee's Summit North,1
2013-09-21,Raymore-Peculiar,0,Liberty,2
2013-09-21,St. Charles,0,Liberty,2
2013-09-21,Grain Valley,0,Liberty,2
2013-09-21,Notre Dame de Sion,1,Liberty,1
2013-09-21,Park Hill South,1,Liberty,2
2013-09-21,Winona,0,Liberty (Mountain View),2
2013-09-21,Mountain Grove,2,Liberty (Mountain View),1
2013-09-21,Plato,0,Liberty (Mountain View),2
2013-09-21,Sherwood,1,Lone Jack,1
2013-09-21,Windsor,0,Lone Jack,2
2013-09-21,Barstow,2,Lone Jack,0
2013-09-21,El Dorado Springs,2,Marshfield,1
2013-09-21,Butler,0,Marshfield,2
2013-09-21,Bolivar,2,Marshfield,0
2013-09-21,Clever,1,Marshfield,2
2013-09-21,Warrensburg,0,Marshfield,2
2013-09-21,University City,2,McCluer,0
2013-09-21,Normandy Collaborative,0,McCluer,2
2013-09-21,College Preparatory,0,McCluer South-Berkeley,2
2013-09-21,North Technical,2,McCluer South-Berkeley,0
2013-09-21,Soldan International Studies,0,McCluer South-Berkeley,2
2013-09-21,North Platte,1,Mid-Buchanan,1
2013-09-21,Wellington-Napoleon,1,Mid-Buchanan,1
2013-09-21,Orrick,2,Mid-Buchanan,0
2013-09-21,Northwest (Hughesville),0,Midway,2
2013-09-21,Pierce City,2,Miller,0
2013-09-21,Rich Hill,1,Miller,1
2013-09-21,Billings,2,Monett,0
2013-09-21,Diamond,0,Monett,2
2013-09-21,Pierce City,2,Monett,0
2013-09-21,Orchard Farm,2,Montgomery County,0
2013-09-21,Wright City,2,Montgomery County,0
2013-09-21,Willow Springs,1,Mountain Grove,1
2013-09-21,Winona,0,Mountain Grove,2
2013-09-21,Thayer,0,Mountain Grove,2
2013-09-21,Winfield,2,New Haven,0
2013-09-21,Westminster Christian Academy,0,Nixa,2
2013-09-21,University City,0,Normandy Collaborative,2
2013-09-21,Plattsburg,1,North Platte,1
2013-09-21,Orrick,2,North Platte,0
2013-09-21,Soldan International Studies,0,North Technical,2
2013-09-21,College Preparatory,0,North Technical,2
2013-09-21,Park Hill,1,Oak Park,2
2013-09-21,Park Hill South,2,Oak Park,0
2013-09-21,Grain Valley,0,Oak Park,2
2013-09-21,Excelsior Springs,2,Odessa,1
2013-09-21,Penney,0,Odessa,2
2013-09-21,Wright City,0,Orchard Farm,2
2013-09-21,Wellington-Napoleon,0,Orrick,2
2013-09-21,Plattsburg,2,Orrick,0
2013-09-21,Raymore-Peculiar,2,Park Hill,0
2013-09-21,Liberty North,1,Park Hill,1
2013-09-21,Rock Bridge,2,Park Hill,0
2013-09-21,Winnetonka,0,Park Hill,2
2013-09-21,Rock Bridge,0,Park Hill South,2
2013-09-21,Notre Dame de Sion,0,Park Hill South,2
2013-09-21,St. Charles,0,Parkway Central,2
2013-09-21,John F. Kennedy,2,Parkway Central,0
2013-09-21,Veritas Christian Academy,0,Parkway Central,2
2013-09-21,Valle Catholic,2,Parkway Central,0
2013-09-21,Whitfield,0,Parkway North,2
2013-09-21,Pattonville,0,Parkway North,2
2013-09-21,Whitfield,0,Pattonville,2
2013-09-21,Rich Hill,0,Pierce City,2
2013-09-21,Winona,2,Plato,0
2013-09-21,Benton,0,Platte County,2
2013-09-21,Bishop LeBlond,0,Platte County,2
2013-09-21,William Chrisman,0,Platte County,2
2013-09-21,Battle,0,Platte County,2
2013-09-21,Raytown South,0,Platte County,2
2013-09-21,Wellington-Napoleon,2,Plattsburg,0
2013-09-21,Thomas Jefferson Independent Day,0,Pleasant Hope,2
2013-09-21,McAuley Catholic,0,Pleasant Hope,2
2013-09-21,Willow Springs,1,Poplar Bluff,1
2013-09-21,Thayer,0,Poplar Bluff,2
2013-09-21,Mountain Grove,2,Poplar Bluff,0
2013-09-21,Liberty (Mountain View),2,Poplar Bluff,0
2013-09-21,Winona,2,Poplar Bluff,1
2013-09-21,Liberty North,0,Raymore-Peculiar,2
2013-09-21,O'Hara,1,Raymore-Peculiar,2
2013-09-21,Rock Bridge,2,Raymore-Peculiar,0
2013-09-21,Summit Christian Academy,1,Raytown South,1
2013-09-21,Bishop LeBlond,2,Raytown South,0
2013-09-21,Central (Springfield),2,Reeds Spring,0
2013-09-21,Sparta,0,Reeds Spring,2
2013-09-21,Waynesville,0,Reeds Spring,2
2013-09-21,St. Joseph's Academy,0,Republic,2
2013-09-21,Normandy Collaborative,2,Riverview Gardens,0
2013-09-21,Liberty North,0,Rock Bridge,2
2013-09-21,Thomas Jefferson Independent Day,2,Sheldon,0
2013-09-21,McAuley Catholic,2,Sheldon,0
2013-09-21,Barstow,2,Sherwood,0
2013-09-21,College Preparatory,0,Soldan International Studies,2
2013-09-21,West County,2,South Iron,0
2013-09-21,Verona,1,Southwest (Washburn),1
2013-09-21,John F. Kennedy,2,St. Charles,0
2013-09-21,Veritas Christian Academy,0,St. Charles,2
2013-09-21,Westminster Christian Academy,0,St. Joseph's Academy,2
2013-09-21,Bourbon,2,St. James,0
2013-09-21,Grandview,1,St. James,1
2013-09-21,Warsaw,1,St. James,1
2013-09-21,Jefferson (Festus),2,Warsaw,0
2013-09-21,Bourbon,0,Warsaw,2
2013-09-21,Grandview,0,Warsaw,2
2013-09-21,Herculaneum,1,Warsaw,2
2013-09-21,Sacred Heart,2,Stockton,0
2013-09-21,Barstow,2,Sweet Springs,0
2013-09-21,Windsor,1,Sweet Springs,1
2013-09-21,Willow Springs,2,Thayer,0
2013-09-21,Lathrop,2,Trenton,0
2013-09-21,Wellington-Napoleon,2,Trenton,0
2013-09-21,Plattsburg,0,Trenton,2
2013-09-21,Grain Valley,0,St. Charles,2
2013-09-21,Notre Dame de Sion,1,St. Charles,1
2013-09-21,Lone Jack,2,Versailles,0
2013-09-21,Sherwood,2,Versailles,0
2013-09-21,Sacred Heart,0,Waynesville,2
2013-09-21,Stockton,0,Waynesville,2
2013-09-21,Sparta,0,Waynesville,2
2013-09-21,Benton,1,William Chrisman,1
2013-09-21,Bishop LeBlond,2,William Chrisman,0
2013-09-21,Battle,0,William Chrisman,2
2013-09-21,Barstow,2,Windsor,0
2013-09-21,O'Hara,2,Winnetonka,0
2013-09-23,Adrian,3,Ballard,0
2013-09-23,Lathrop,0,Bishop LeBlond,2
2013-09-23,Southwest (Washburn),2,Blue Eye,0
2013-09-23,Orchard Farm,2,Bowling Green,0
2013-09-23,Belle,2,Bowling Green,0
2013-09-23,Winfield,2,Bowling Green,0
2013-09-23,New Haven,2,Bowling Green,0
2013-09-23,Osage,0,Buffalo,2
2013-09-23,Salem,1,Bunker,2
2013-09-23,Centralia,1,California,2
2013-09-23,McDonald County,2,Cassville,1
2013-09-23,Jackson,0,Central (Park Hills),2
2013-09-23,Linn,2,Chamois,0
2013-09-23,Benton,2,Chillicothe,0
2013-09-23,Versailles,0,Cole Camp,2
2013-09-23,Kingsville,0,Concordia,2
2013-09-23,Springfield Catholic,2,Conway,0
2013-09-23,Woodland,0,Dexter,2
2013-09-23,St. Dominic,2,Duchesne,0
2013-09-23,Boonville,2,Eldon,0
2013-09-23,Hallsville,2,Eugene,1
2013-09-23,Rock Bridge,2,Fatima,0
2013-09-23,Crystal City,1,Fredericktown,2
2013-09-23,Mexico,0,Fulton,2
2013-09-23,Senath-Hornersville,0,Gideon,2
2013-09-23,Cooter,1,Hayti,2
2013-09-23,Jennings,2,Hazelwood East,0
2013-09-23,Pacific,2,Hazelwood West,1
2013-09-23,Knob Noster,0,Holden,2
2013-09-23,West County,0,Jefferson (Festus),2
2013-09-23,Francis Howell North,0,Kirkwood,2
2013-09-23,Wentworth Military Academy,0,La Monte,2
2013-09-23,Malta Bend,0,La Monte,2
2013-09-23,Jefferson City,2,Lebanon,0
2013-09-23,McAuley Catholic,1,Liberal,2
2013-09-23,Wright City,0,Liberty (Mountain View),2
2013-09-23,Purdy,0,Lockwood,2
2013-09-23,Bayless,0,Lutheran North,2
2013-09-23,Affton,0,Lutheran South,2
2013-09-23,Cardinal Ritter,0,Lutheran St. Charles,2
2013-09-23,Wentworth Military Academy,0,Malta Bend,2
2013-09-23,Zalma,0,Marquand-Zion,2
2013-09-23,Winona,1,Marshfield,2
2013-09-23,North Technical,0,McCluer,2
2013-09-23,Owensville,2,Montgomery County,0
2013-09-23,Incarnate Word Academy,0,Nerinx Hall,2
2013-09-23,St. Joseph's Academy,2,New Haven,1
2013-09-23,Advance,0,Notre Dame (Cape Girardeau),2
2013-09-23,Cor Jesu Academy,2,Notre Dame (St. Louis),0
2013-09-23,St. Paul Lutheran (Concordia),0,Notre Dame de Sion,2
2013-09-23,Center,0,O'Hara,2
2013-09-23,Lexington,0,Orrick,2
2013-09-23,Green Ridge,0,Osceola,2
2013-09-23,Marionville,0,Pierce City,2
2013-09-23,Dixon,2,Plato,0
2013-09-23,Bernie,2,Poplar Bluff,1
2013-09-23,Caruthersville,0,Portageville,2
2013-09-23,Bell City,0,Puxico,3
2013-09-23,Lawson,2,Richmond,0
2013-09-23,Malden,2,Risco,0
2013-09-23,Francis Howell Central,2,Rockwood Summit,0
2013-09-23,Bishop DuBourg,2,Springfield Catholic,1
2013-09-23,Lee's Summit West,2,Ruskin,0
2013-09-23,Calvary Lutheran,0,Sarcoxie,2
2013-09-23,Fordland,0,School of the Ozarks,2
2013-09-23,Neosho,2,Seneca,1
2013-09-23,Bloomfield,2,Sikeston,0
2013-09-23,Clearwater,2,South Iron,1
2013-09-23,Central (New Madrid County),1,Summersville,2
2013-09-23,Licking,2,St. James,0
2013-09-23,East Buchanan,1,St. Joseph Christian,2
2013-09-23,Valle Catholic,2,St. Vincent,0
2013-09-23,Potosi,0,Webb City,2
2013-09-23,Santa Fe,2,Sweet Springs,0
2013-09-23,Sheldon,0,Thomas Jefferson Independent Day,2
2013-09-23,Hogan Prep Academy Charter,0,Trenton,2
2013-09-23,Cuba,2,Tarkio,0
2013-09-23,Viburnum,2,Valley,3
2013-09-23,University Academy Charter,0,Versailles,2
2013-09-23,Wright City,0,Warrenton,2
2013-09-23,Tipton,0,Warsaw,2
2013-09-23,Principia,0,Westminster Christian Academy,2
2013-09-23,Billings,2,Wheaton,1
2013-09-23,Logan-Rogersville,2,Willard,0
2013-09-23,Eminence,1,Willow Springs,2
2013-09-23,Chilhowee,0,Windsor,2
2013-09-23,Ft. Zumwalt North,1,Winfield,2
2013-09-24,Principia,0,Affton,2
2013-09-24,Osceola,2,Archie,0
2013-09-24,Lakeland,2,Ballard,0
2013-09-24,Warrensburg,2,Battle,0
2013-09-24,Leopold,3,Bell City,0
2013-09-24,Fort Osage,1,Belton,2
2013-09-24,Pembroke Hill,2,Benton,0
2013-09-24,Lesterville,0,Bismarck,2
2013-09-24,El Dorado Springs,2,Bolivar,0
2013-09-24,Hannibal,2,Boonville,0
2013-09-24,Fulton,2,Bowling Green,0
2013-09-24,Summit Christian Academy,3,Butler,0
2013-09-24,Nixa,2,Camdenton,0
2013-09-24,North Pemiscot,1,Campbell,2
2013-09-24,Lafayette County,2,Carrollton,0
2013-09-24,Reeds Spring,2,Cassville,0
2013-09-24,Central (New Madrid County),2,Central (Cape Girardeau),0
2013-09-24,Southwest Early College,2,Central (Kansas City),0
2013-09-24,Waynesville,1,Central (Springfield),2
2013-09-24,Blair Oaks,2,Centralia,1
2013-09-24,Forsyth,2,Chadwick,0
2013-09-24,Lakeland,2,Chilhowee,0
2013-09-24,Ballard,2,Chilhowee,0
2013-09-24,Galena,0,Clever,2
2013-09-24,Waynesville,0,College Preparatory,2
2013-09-24,Lutheran (Kansas City),2,Concordia,0
2013-09-24,Northeast (Kansas City),1,Cristo Rey,2
2013-09-24,Bayless,0,Crossroads College Preparatory,2
2013-09-24,Herculaneum,0,Crystal City,2
2013-09-24,Lincoln College Prep,2,East (Kansas City),0
2013-09-24,Dixon,1,Eugene,2
2013-09-24,Lafayette (Wildwood),2,Eureka,0
2013-09-24,Savannah,2,Excelsior Springs,1
2013-09-24,Purdy,2,Exeter,0
2013-09-24,Perryville,2,Festus,0
2013-09-24,St. Joseph's Academy,2,Francis Howell,0
2013-09-24,Ft. Zumwalt West,2,Francis Howell Central,0
2013-09-24,Ft. Zumwalt South,2,Ft. Zumwalt North,1
2013-09-24,Miller Career Academy,1,Gateway,2
2013-09-24,Cooter,0,Gideon,2
2013-09-24,Miller,2,Greenfield,1
2013-09-24,Brentwood,2,Hancock,0
2013-09-24,Grain Valley,2,Harrisonville,0
2013-09-24,Rolla,0,Helias Catholic,2
2013-09-24,Branson,2,Hillcrest,1
2013-09-24,Knob Noster,0,Holden,2
2013-09-24,Washington,2,Holt,1
2013-09-24,Sikeston,0,Jackson,2
2013-09-24,Ozark,2,Kickapoo,0
2013-09-24,Northwest (Hughesville),2,La Monte,1
2013-09-24,John Burroughs,1,Ladue Horton Watkins,2
2013-09-24,Mid-Buchanan,0,Lafayette (St. Joseph),2
2013-09-24,Maryville,2,Lathrop,0
2013-09-24,Orrick,1,Lawson,2
2013-09-24,Willard,2,Lebanon,0
2013-09-24,Lee's Summit North,1,Lee's Summit,2
2013-09-24,Richmond,0,Lexington,2
2013-09-24,Diamond,1,Liberal,2
2013-09-24,Kearney,2,Liberty North,0
2013-09-24,Cole Camp,2,Lincoln,0
2013-09-24,Mehlville,0,Lindbergh,2
2013-09-24,Glendale,2,Logan-Rogersville,0
2013-09-24,MICDS,0,Lutheran South,2
2013-09-24,Holcomb,0,Malden,2
2013-09-24,Villa Duchesne,2,Marquette,0
2013-09-24,Neosho,0,McDonald County,2
2013-09-24,Kirksville,0,Mexico,2
2013-09-24,Adrian,0,Midway,2
2013-09-24,Hurley,2,Monett,1
2013-09-24,Father Tolton,2,Montgomery County,1
2013-09-24,Salem,0,Mountain Grove,2
2013-09-24,Webster Groves,1,Nerinx Hall,2
2013-09-24,Tarkio,0,New Haven,2
2013-09-24,Bronaugh,2,Northeast Vernon County,0
2013-09-24,Parkway South,0,Northwest (Cedar Hill),2
2013-09-24,Marshall,2,Oak Grove,0
2013-09-24,William Chrisman,0,Oak Park,2
2013-09-24,Fox,0,Oakville,2
2013-09-24,Clinton,0,O'Hara,2
2013-09-24,Seneca,0,Oran,2
2013-09-24,Wright City,0,Orchard Farm,2
2013-09-24,St. James,0,Owensville,2
2013-09-24,Hermann,2,Pacific,0
2013-09-24,St. Charles,2,Park Hill,0
2013-09-24,Winnetonka,0,Park Hill South,2
2013-09-24,Republic,1,Parkview,2
2013-09-24,Kirkwood,0,Parkway West,2
2013-09-24,New Heights Christian,1,Pierce City,2
2013-09-24,Liberty,2,Raymore-Peculiar,0
2013-09-24,North Kansas City,2,Raytown,0
2013-09-24,Grandview,0,Raytown South,2
2013-09-24,Drexel,2,Rich Hill,1
2013-09-24,Dexter,2,Richland (Essex),0
2013-09-24,Normandy Collaborative,2,Riverview Gardens,1
2013-09-24,Central (St. Joseph),2,Ruskin,0
2013-09-24,Chamois,1,Sarcoxie,2
2013-09-24,Green Ridge,1,Sacred Heart,2
2013-09-24,Crest Ridge,0,Santa Fe,2
2013-09-24,Jasper,2,Sarcoxie,0
2013-09-24,Center,0,Savannah,2
2013-09-24,Windsor,2,Smithton,0
2013-09-24,Bishop LeBlond,2,Sparta,1
2013-09-24,Cleveland NJROTC,0,Soldan International Studies,2
2013-09-24,Plattsburg,0,St. James,2
2013-09-24,Risco,2,Sweet Springs,0
2013-09-24,University Academy Charter,2,Southwest Early College,0
2013-09-24,Fair Grove,2,Springfield Catholic,0
2013-09-24,Warrenton,2,St. Charles,1
2013-09-24,Hickman,1,St. Paul Lutheran (Concordia),2
2013-09-24,Blue Springs South,1,St. Teresa's Academy,2
2013-09-24,Blue Springs,2,Staley,1
2013-09-24,St. Pius X (Festus),2,Ste. Genevieve,0
2013-09-24,Kingston,0,Warsaw,2
2013-09-24,Buffalo,2,Stockton,0
2013-09-24,St. Clair,0,Webb City,2
2013-09-24,Liberty (Mountain View),2,Thayer,0
2013-09-24,Willard,2,Tipton,0
2013-09-24,Veritas Christian Academy,0,Trinity Catholic,2
2013-09-24,Timberland,2,Troy Buchanan,1
2013-09-24,Charleston,0,St. Clair,2
2013-09-24,Maplewood-Richmond Hts.,2,Valley Park,1
2013-09-24,Southwest (Washburn),2,Verona,0
2013-09-24,Southern Boone,2,Versailles,1
2013-09-24,Incarnate Word Academy,0,Visitation Academy,2
2013-09-24,Joplin,2,Webb City,0
2013-09-24,Sweet Springs,0,Wellington-Napoleon,2
2013-09-24,Cabool,2,Willow Springs,1
2013-09-24,St. Charles West,0,Winfield,2
2013-09-24,Wright City,0,Winona,2
2013-09-24,Fredericktown,1,Woodland,2
2013-09-25,Maplewood-Richmond Hts.,0,Bayless,2
2013-09-25,Center,0,Belton,2
2013-09-25,Cardinal Ritter,0,Bishop DuBourg,2
2013-09-25,Whitfield,1,Clayton,2
2013-09-25,Parkway North,2,Ft. Zumwalt East,0
2013-09-25,Camdenton,0,Glendale,2
2013-09-25,North Pemiscot,0,Hayti,2
2013-09-25,Hazelwood East,0,Hazelwood Central,2
2013-09-25,Maplewood-Richmond Hts.,2,Jennings,0
2013-09-25,Holcomb,0,Kennett,2
2013-09-25,Pattonville,2,McCluer,0
2013-09-25,Mehlville,2,Notre Dame (St. Louis),1
2013-09-25,Oakville,2,Parkway South,0
2013-09-25,McCluer North,1,Ritenour,2
2013-09-25,Hazelwood West,2,Riverview Gardens,0
2013-09-25,Lift for Life Academy Charter,1,Roosevelt,2
2013-09-25,Lutheran St. Charles,2,Springfield Catholic,1
2013-09-25,Liberty North,2,Sparta,1
2013-09-25,Trinity Catholic,0,St. Dominic,2
2013-09-25,John F. Kennedy,0,St. Joseph's Academy,2
2013-09-25,Saxony Lutheran,1,Ste. Genevieve,2
2013-09-25,Potosi,2,West County,0
2013-09-25,Visitation Academy,2,Westminster Christian Academy,0
2013-09-25,Fox,1,Windsor (Imperial),2
2013-09-26,Ladue Horton Watkins,0,Affton,2
2013-09-26,South Iron,0,Arcadia Valley,2
2013-09-26,Butler,2,Archie,0
2013-09-26,Carthage,2,Aurora,0
2013-09-26,Maplewood-Richmond Hts.,0,Bayless,2
2013-09-26,Cuba,2,Belle,0
2013-09-26,Puxico,0,Bernie,2
2013-09-26,Union,0,Billings,2
2013-09-26,Hallsville,0,Blair Oaks,2
2013-09-26,Notre Dame (Cape Girardeau),2,Bloomfield,0
2013-09-26,Clever,2,Blue Eye,1
2013-09-26,Marshall,2,Boonville,0
2013-09-26,Mexico,2,Bowling Green,0
2013-09-26,Marshfield,2,Branson,0
2013-09-26,Jasper,2,Bronaugh,0
2013-09-26,Ozark,2,Carl Junction,1
2013-09-26,Knob Noster,0,Carrollton,2
2013-09-26,Holcomb,2,Caruthersville,0
2013-09-26,Hogan Prep Academy Charter,2,Central (Kansas City),0
2013-09-26,Richland (Essex),0,Central (New Madrid County),2
2013-09-26,Charleston,0,Central (New Madrid County),2
2013-09-26,Cooter,2,Central (New Madrid County),0
2013-09-26,Bismarck,2,Central (Park Hills),1
2013-09-26,Park Hill,2,Central (St. Joseph),0
2013-09-26,Bradleyville,0,Chadwick,2
2013-09-26,Missouri School for the Deaf,0,Chamois,3
2013-09-26,Cooter,1,Charleston,1
2013-09-26,Richland (Essex),1,Charleston,1
2013-09-26,Malta Bend,2,Chilhowee,0
2013-09-26,Normandy Collaborative,0,Clayton,2
2013-09-26,Crest Ridge,0,Concordia,2
2013-09-26,Richland (Essex),0,Cooter,2
2013-09-26,St. Joseph's Academy,2,Cor Jesu Academy,0
2013-09-26,Galena,0,Crane,2
2013-09-26,Portageville,2,Delta (Deering),0
2013-09-26,Gideon,2,Delta (Deering),0
2013-09-26,Bell City,0,Dexter,3
2013-09-26,Greenville,2,Doniphan,0
2013-09-26,Mid-Buchanan,2,East Buchanan,0
2013-09-26,Oak Grove,0,Excelsior Springs,2
2013-09-26,Miller,0,Fair Grove,2
2013-09-26,Niangua,2,Fordland,0
2013-09-26,Francis Howell North,1,Francis Howell,2
2013-09-26,Ft. Zumwalt South,0,Francis Howell Central,2
2013-09-26,St. Charles West,0,Ft. Zumwalt West,2
2013-09-26,Portageville,0,Gideon,2
2013-09-26,Camdenton,0,Glendale,2
2013-09-26,Notre Dame de Sion,2,Grandview,0
2013-09-26,Lincoln,0,Green Ridge,2
2013-09-26,Kirksville,0,Hannibal,2
2013-09-26,Pleasant Hill,2,Harrisonville,0
2013-09-26,Portageville,2,Hayti,0
2013-09-26,Gideon,2,Hayti,0
2013-09-26,Delta (Deering),0,Hayti,2
2013-09-26,Lutheran North,2,Hazelwood East,0
2013-09-26,Fatima,0,Helias Catholic,2
2013-09-26,New Haven,0,Hermann,2
2013-09-26,Forsyth,0,Hollister,2
2013-09-26,Herculaneum,0,Jefferson (Festus),2
2013-09-26,McCluer South-Berkeley,0,Jennings,2
2013-09-26,Maplewood-Richmond Hts.,2,Jennings,0
2013-09-26,Brentwood,0,John F. Kennedy,2
2013-09-26,Hillcrest,0,Joplin,2
2013-09-26,Raytown South,0,Kearney,2
2013-09-26,West County,2,Kingston,0
2013-09-26,Parkway North,0,Kirkwood,2
2013-09-26,Chillicothe,0,Lafayette (St. Joseph),2
2013-09-26,Adrian,1,Lamar,2
2013-09-26,Raymore-Peculiar,2,Lee's Summit,0
2013-09-26,Blue Springs South,1,Lee's Summit North,2
2013-09-26,Wright City,0,Lesterville,2
2013-09-26,Holden,2,Lexington,0
2013-09-26,Blue Springs,0,Liberty,2
2013-09-26,Mountain Grove,0,Liberty (Mountain View),2
2013-09-26,Southern Boone,1,Linn,2
2013-09-26,Midway,0,Lutheran (Kansas City),2
2013-09-26,Bishop DuBourg,1,Lutheran St. Charles,2
2013-09-26,Oak Ridge,2,Marquand-Zion,0
2013-09-26,Cameron,1,Maryville,2
2013-09-26,Purdy,2,McAuley Catholic,0
2013-09-26,Notre Dame (St. Louis),2,McCluer North,0
2013-09-26,Woodland,2,Meadow Heights,0
2013-09-26,Lafayette (Wildwood),2,Mehlville,0
2013-09-26,Principia,0,MICDS,2
2013-09-26,Monett,0,Mt. Vernon,2
2013-09-26,McDonald County,0,New Heights Christian,2
2013-09-26,Valle Catholic,1,North County,2
2013-09-26,Fort Osage,0,North Kansas City,2
2013-09-26,Riverview Gardens,0,North Technical,2
2013-09-26,Eureka,2,Northwest (Cedar Hill),0
2013-09-26,Windsor,0,Northwest (Hughesville),2
2013-09-26,Grain Valley,2,Odessa,0
2013-09-26,Veritas Christian Academy,0,Orchard Farm,2
2013-09-26,Santa Fe,2,Orrick,0
2013-09-26,Fulton,0,Osage,2
2013-09-26,Rolla,0,Parkview,2
2013-09-26,Oakville,2,Parkway South,0
2013-09-26,St. Pius X (Kansas City),2,Pembroke Hill,1
2013-09-26,North Platte,2,Penney,0
2013-09-26,Winnetonka,0,Platte County,2
2013-09-26,Lawson,2,Plattsburg,0
2013-09-26,Oak Park,2,Raytown,0
2013-09-26,Nixa,0,Reeds Spring,2
2013-09-26,Lafayette County,2,Richmond,0
2013-09-26,St. Paul Lutheran (Concordia),0,Rock Bridge,2
2013-09-26,Cleveland NJROTC,2,Roosevelt,1
2013-09-26,Ursuline Academy,2,Springfield Catholic,0
2013-09-26,Eugene,2,Sarcoxie,1
2013-09-26,Ava,2,Salem,1
2013-09-26,Benton,0,Savannah,2
2013-09-26,Advance,0,Saxony Lutheran,2
2013-09-26,Sikeston,2,Seneca,0
2013-09-26,Gateway,2,Soldan International Studies,0
2013-09-26,East (Kansas City),2,Southeast,0
2013-09-26,Northeast (Kansas City),2,Southwest Early College,0
2013-09-26,Hogan Prep Academy Charter,1,Southwest Early College,2
2013-09-26,Central (Springfield),2,Spokane,0
2013-09-26,Pleasant Hope,0,Springfield Catholic,2
2013-09-26,Ft. Zumwalt North,2,St. Charles,0
2013-09-26,Owensville,1,St. Clair,2
2013-09-26,Webb City,2,St. James,0
2013-09-26,Bunker,2,St. Paul Lutheran (Concordia),0
2013-09-26,St. Pius X (Festus),2,St. Vincent,0
2013-09-26,Smithton,0,Willard,2
2013-09-26,Barstow,2,Summit Christian Academy,3
2013-09-26,Cabool,2,Thayer,0
2013-09-26,Sacred Heart,2,Tipton,1
2013-09-26,Holt,0,Troy Buchanan,2
2013-09-26,Park Hill South,2,St. Charles,0
2013-09-26,Pacific,0,Tarkio,2
2013-09-26,Lincoln College Prep,2,University Academy Charter,1
2013-09-26,Parkway Central,2,University City,0
2013-09-26,Diamond,0,Verona,2
2013-09-26,Eldon,1,Versailles,2
2013-09-26,John Burroughs,0,Villa Duchesne,2
2013-09-26,O'Hara,2,Warrensburg,0
2013-09-26,El Dorado Springs,2,Warsaw,0
2013-09-26,Ft. Zumwalt East,0,Washington,2
2013-09-26,West Plains,0,Waynesville,2
2013-09-26,Rockwood Summit,0,Webster Groves,2
2013-09-26,Kingsville,0,Wellington-Napoleon,2
2013-09-26,Thomas Jefferson Independent Day,0,Wheaton,2
2013-09-26,Ruskin,0,William Chrisman,2
2013-09-26,Fox,1,Windsor (Imperial),2
2013-09-26,Clearwater,0,Winona,2
2013-09-26,Montgomery County,1,Wright City,2
2013-09-26,Leopold,2,Zalma,0
2013-09-27,Clearwater,1,Arcadia Valley,2
2013-09-27,Valley Park,1,Bayless,1
2013-09-27,Hancock,0,Bayless,2
2013-09-27,Leopold,2,Bernie,0
2013-09-27,Maplewood-Richmond Hts.,0,Brentwood,2
2013-09-27,Crossroads College Preparatory,1,Brentwood,1
2013-09-27,Jennings,0,Brentwood,2
2013-09-27,Dixon,2,Calvary Lutheran,0
2013-09-27,North Pemiscot,0,Campbell,2
2013-09-27,Risco,0,Campbell,2
2013-09-27,Summersville,2,Campbell,0
2013-09-27,Holcomb,1,Clarkton,1
2013-09-27,St. Teresa's Academy,2,Cor Jesu Academy,0
2013-09-27,Billings,2,Fordland,0
2013-09-27,Ritenour,1,Ft. Zumwalt North,1
2013-09-27,University City,0,Ft. Zumwalt North,2
2013-09-27,Bunker,0,Greenville,2
2013-09-27,Valley Park,0,Hancock,2
2013-09-27,Ladue Horton Watkins,2,Hazelwood Central,0
2013-09-27,Holt,2,Hazelwood Central,0
2013-09-27,Ladue Horton Watkins,2,Hazelwood East,0
2013-09-27,Holt,2,Hazelwood East,0
2013-09-27,Westminster Christian Academy,2,Hazelwood West,0
2013-09-27,Maplewood-Richmond Hts.,2,Jennings,0
2013-09-27,Crossroads College Preparatory,1,Jennings,1
2013-09-27,Crossroads College Preparatory,0,Maplewood-Richmond Hts.,2
2013-09-27,Ellington,0,Marquand-Zion,2
2013-09-27,McCluer South-Berkeley,2,McCluer,1
2013-09-27,Zalma,0,Meadow Heights,2
2013-09-27,Summersville,1,North Pemiscot,1
2013-09-27,Risco,0,North Pemiscot,2
2013-09-27,Oran,0,Oak Ridge,2
2013-09-27,Parkway West,2,Parkway South,0
2013-09-27,Niangua,1,Plato,2
2013-09-27,Summersville,2,Risco,0
2013-09-27,Hurley,2,School of the Ozarks,1
2013-09-27,Holcomb,2,Senath-Hornersville,0
2013-09-27,St. Clair,0,Senath-Hornersville,2
2013-09-27,Clarkton,2,Senath-Hornersville,0
2013-09-27,Lift for Life Academy Charter,1,Soldan International Studies,2
2013-09-27,Bismarck,2,South Iron,0
2013-09-27,Belle,0,Warsaw,2
2013-09-27,Holcomb,1,St. Clair,1
2013-09-27,Clarkton,1,St. Clair,1
2013-09-27,Springfield Catholic,0,Ursuline Academy,2
2013-09-28,Lutheran (Kansas City),1,Adrian,1
2013-09-28,Butler,1,Adrian,1
2013-09-28,Lakeland,1,Adrian,1
2013-09-28,Barstow,2,Adrian,0
2013-09-28,Spokane,0,Ash Grove,2
2013-09-28,Lockwood,0,Ash Grove,2
2013-09-28,East Newton,0,Ash Grove,2
2013-09-28,Seneca,0,Ash Grove,2
2013-09-28,Osceola,1,Ash Grove,1
2013-09-28,Springfield Catholic,1,Ash Grove,2
2013-09-28,Nevada,2,Aurora,0
2013-09-28,Neosho,0,Aurora,2
2013-09-28,New Heights Christian,1,Aurora,1
2013-09-28,Mt. Vernon,1,Aurora,1
2013-09-28,Veritas Christian Academy,1,Barat Academy,2
2013-09-28,Lutheran (Kansas City),2,Barstow,1
2013-09-28,Crossroads College Preparatory,0,Bayless,2
2013-09-28,Brentwood,0,Bayless,2
2013-09-28,Cor Jesu Academy,0,Blue Springs,2
2013-09-28,St. Teresa's Academy,2,Blue Springs,0
2013-09-28,Francis Howell,2,Blue Springs,0
2013-09-28,Nixa,2,Blue Springs,1
2013-09-28,Nerinx Hall,0,Blue Springs South,2
2013-09-28,Jefferson City,3,Blue Springs South,0
2013-09-28,Kickapoo,2,Blue Springs South,1
2013-09-28,Incarnate Word Academy,0,Blue Springs South,2
2013-09-28,Cor Jesu Academy,1,Blue Springs South,2
2013-09-28,Pierce City,0,Branson,2
2013-09-28,Valley Park,1,Brentwood,2
2013-09-28,Lutheran (Kansas City),2,Butler,0
2013-09-28,Jasper,2,Butler,1
2013-09-28,Lakeland,0,Butler,2
2013-09-28,Sacred Heart,2,Camdenton,0
2013-09-28,Rockwood Summit,2,Camdenton,0
2013-09-28,Cole Camp,2,Camdenton,1
2013-09-28,Kearney,2,Camdenton,0
2013-09-28,Gideon,2,Campbell,0
2013-09-28,Joplin,2,Carl Junction,0
2013-09-28,Branson,0,Carl Junction,2
2013-09-28,Neosho,0,Carl Junction,2
2013-09-28,Pierce City,0,Carl Junction,2
2013-09-28,Nevada,1,Carl Junction,2
2013-09-28,Exeter,0,Cassville,2
2013-09-28,Purdy,2,Cassville,0
2013-09-28,Lamar,1,Cassville,1
2013-09-28,McAuley Catholic,2,Cassville,1
2013-09-28,Ruskin,1,Center,2
2013-09-28,University Academy Charter,1,Center,2
2013-09-28,Hogan Prep Academy Charter,0,Center,2
2013-09-28,Northeast (Kansas City),0,Center,2
2013-09-28,Cristo Rey,0,Center,2
2013-09-28,Plattsburg,1,Central (Kansas City),1
2013-09-28,Ruskin,2,Central (Kansas City),0
2013-09-28,Southeast,0,Central (Kansas City),2
2013-09-28,Cristo Rey,2,Central (Kansas City),0
2013-09-28,Clarkton,2,Central (New Madrid County),0
2013-09-28,Linn,2,Chamois,0
2013-09-28,Gideon,2,Clarkton,1
2013-09-28,Cooter,2,Clarkton,0
2013-09-28,Staley,2,Cole Camp,0
2013-09-28,Skyline,1,Conway,1
2013-09-28,Springfield Catholic,2,Conway,0
2013-09-28,Spokane,2,Conway,0
2013-09-28,Holcomb,0,Cooter,2
2013-09-28,Summersville,2,Cooter,0
2013-09-28,St. Teresa's Academy,2,Cor Jesu Academy,0
2013-09-28,Warrenton,2,Crystal City,0
2013-09-28,Herculaneum,2,Crystal City,0
2013-09-28,Webb City,1,Crystal City,1
2013-09-28,Fox,2,Crystal City,1
2013-09-28,Southwest (Washburn),2,Diamond,0
2013-09-28,Sarcoxie,0,Diamond,2
2013-09-28,McAuley Catholic,0,Diamond,2
2013-09-28,Golden City,0,Diamond,2
2013-09-28,Winona,1,East Newton,1
2013-09-28,Monett,1,East Newton,1
2013-09-28,Union,1,East Newton,1
2013-09-28,Pleasant Hope,1,Everton,1
2013-09-28,Niangua,0,Everton,2
2013-09-28,Wheaton,2,Everton,0
2013-09-28,Grain Valley,0,Fatima,2
2013-09-28,Marshall,0,Fatima,2
2013-09-28,Santa Fe,0,Fatima,2
2013-09-28,Lesterville,2,Festus,0
2013-09-28,Ft. Zumwalt West,2,Festus,0
2013-09-28,Fox,1,Festus,1
2013-09-28,Webb City,0,Festus,2
2013-09-28,Lesterville,2,Fox,0
2013-09-28,Seckman,0,Fox,2
2013-09-28,Cor Jesu Academy,2,Francis Howell,1
2013-09-28,St. Teresa's Academy,0,Francis Howell,2
2013-09-28,Villa Duchesne,1,Francis Howell,2
2013-09-28,Veritas Christian Academy,0,Ft. Zumwalt East,2
2013-09-28,Barat Academy,2,Ft. Zumwalt East,0
2013-09-28,Ritenour,1,Ft. Zumwalt North,1
2013-09-28,University City,0,Ft. Zumwalt North,2
2013-09-28,Holt,2,Ft. Zumwalt North,0
2013-09-28,Ladue Horton Watkins,0,Ft. Zumwalt North,2
2013-09-28,Lesterville,1,Ft. Zumwalt West,1
2013-09-28,Warrenton,1,Ft. Zumwalt West,2
2013-09-28,Fox,0,Ft. Zumwalt West,2
2013-09-28,North County,1,Ft. Zumwalt West,2
2013-09-28,Summersville,2,Gideon,1
2013-09-28,Southwest (Washburn),2,Golden City,0
2013-09-28,Exeter,2,Golden City,0
2013-09-28,McAuley Catholic,2,Golden City,0
2013-09-28,Sarcoxie,2,Golden City,0
2013-09-28,Versailles,0,Grain Valley,2
2013-09-28,Exeter,0,Greenfield,2
2013-09-28,Purdy,0,Greenfield,2
2013-09-28,Cassville,1,Greenfield,1
2013-09-28,Lamar,0,Greenfield,2
2013-09-28,Southwest (Washburn),2,Greenfield,0
2013-09-28,Hazelwood East,0,Hazelwood Central,2
2013-09-28,University City,0,Hazelwood Central,2
2013-09-28,Ritenour,2,Hazelwood Central,0
2013-09-28,Ritenour,2,Hazelwood East,0
2013-09-28,University City,1,Hazelwood East,2
2013-09-28,Warrenton,2,Herculaneum,0
2013-09-28,Lesterville,2,Herculaneum,0
2013-09-28,Willard,2,Hickman,0
2013-09-28,Warrensburg,2,Hickman,1
2013-09-28,Staley,2,Hickman,0
2013-09-28,Cole Camp,2,Hickman,0
2013-09-28,Sacred Heart,1,Hickman,2
2013-09-28,Warrenton,2,Hickman,1
2013-09-28,Seckman,1,Hillsboro,2
2013-09-28,North County,2,Hillsboro,0
2013-09-28,Carnahan,0,Hillsboro,2
2013-09-28,Warrenton,2,Hillsboro,1
2013-09-28,Northeast (Kansas City),2,Hogan Prep Academy Charter,0
2013-09-28,Cristo Rey,2,Hogan Prep Academy Charter,0
2013-09-28,Wright City,2,Houston,0
2013-09-28,O'Hara,1,Incarnate Word Academy,2
2013-09-28,Barstow,2,Jasper,0
2013-09-28,Midway,2,Jasper,0
2013-09-28,Nerinx Hall,2,Jefferson City,1
2013-09-28,Nixa,0,Jefferson City,2
2013-09-28,O'Hara,0,Jefferson City,2
2013-09-28,Kickapoo,2,Jefferson City,0
2013-09-28,MICDS,2,John Burroughs,1
2013-09-28,Webb City,0,Joplin,2
2013-09-28,Sacred Heart,0,Kearney,2
2013-09-28,Staley,1,Kearney,2
2013-09-28,Nerinx Hall,2,Kickapoo,0
2013-09-28,Lee's Summit West,2,Kickapoo,0
2013-09-28,Lee's Summit,2,Kickapoo,0
2013-09-28,Holt,1,Ladue Horton Watkins,1
2013-09-28,Grain Valley,2,Lafayette County,0
2013-09-28,Savannah,0,Lafayette County,2
2013-09-28,Versailles,0,Lafayette County,2
2013-09-28,Fatima,2,Lafayette County,0
2013-09-28,Lutheran (Kansas City),2,Lakeland,0
2013-09-28,Midway,2,Lakeland,0
2013-09-28,Exeter,0,Lamar,2
2013-09-28,Purdy,1,Lamar,1
2013-09-28,Sarcoxie,0,Lamar,2
2013-09-28,Villa Duchesne,2,Lee's Summit North,0
2013-09-28,Nixa,0,Lee's Summit North,2
2013-09-28,Cor Jesu Academy,2,Lee's Summit North,0
2013-09-28,O'Hara,0,Lee's Summit West,2
2013-09-28,Incarnate Word Academy,0,Lee's Summit West,2
2013-09-28,Wright City,1,Licking,2
2013-09-28,Southwest Early College,0,Lincoln College Prep,2
2013-09-28,University Academy Charter,1,Lincoln College Prep,1
2013-09-28,Northeast (Kansas City),0,Lincoln College Prep,2
2013-09-28,Plattsburg,2,Lincoln College Prep,0
2013-09-28,Southeast,0,Lincoln College Prep,2
2013-09-28,Warrensburg,0,Lindbergh,2
2013-09-28,Owensville,0,Lindbergh,2
2013-09-28,Willard,2,Lindbergh,0
2013-09-28,Spokane,1,Lockwood,1
2013-09-28,Monett,0,Lockwood,2
2013-09-28,Osceola,1,Lockwood,1
2013-09-28,Hancock,0,Maplewood-Richmond Hts.,2
2013-09-28,Versailles,1,Marshall,2
2013-09-28,Santa Fe,2,Marshall,0
2013-09-28,Warrensburg,0,Marshfield,2
2013-09-28,Owensville,0,Marshfield,2
2013-09-28,Lindbergh,1,Marshfield,1
2013-09-28,Staley,2,Marshfield,0
2013-09-28,Trinity Catholic,1,McCluer North,2
2013-09-28,Northwest (Cedar Hill),2,McCluer North,0
2013-09-28,Visitation Academy,2,McCluer North,0
2013-09-28,Houston,1,Mexico,1
2013-09-28,Rolla,2,Mexico,0
2013-09-28,Wright City,2,Mexico,0
2013-09-28,Osage,2,Mexico,0
2013-09-28,Nodaway-Holt,0,Mid-Buchanan,2
2013-09-28,Rock Port,2,Mid-Buchanan,0
2013-09-28,Barstow,0,Midway,2
2013-09-28,Lutheran (Kansas City),2,Midway,0
2013-09-28,Winona,2,Monett,0
2013-09-28,Union,1,Monett,1
2013-09-28,Skyline,0,Monett,2
2013-09-28,Mid-Buchanan,0,Mound City,2
2013-09-28,St. James,2,Mound City,1
2013-09-28,New Heights Christian,0,Mt. Vernon,2
2013-09-28,Branson,2,Neosho,0
2013-09-28,Pierce City,2,Neosho,0
2013-09-28,Mt. Vernon,2,Nevada,0
2013-09-28,New Heights Christian,0,Nevada,2
2013-09-28,Branson,1,Nevada,2
2013-09-28,Northeast Vernon County,1,Niangua,1
2013-09-28,School of the Ozarks,2,Niangua,0
2013-09-28,Villa Duchesne,2,Nixa,0
2013-09-28,St. Joseph Christian,2,Nodaway-Holt,0
2013-09-28,Seckman,0,North County,2
2013-09-28,Lesterville,0,North County,2
2013-09-28,Carnahan,0,North County,2
2013-09-28,Cristo Rey,0,Northeast (Kansas City),2
2013-09-28,Southeast,0,Northeast (Kansas City),2
2013-09-28,School of the Ozarks,2,Northeast Vernon County,0
2013-09-28,Pleasant Hope,2,Northeast Vernon County,0
2013-09-28,Visitation Academy,2,Northwest (Cedar Hill),0
2013-09-28,Trinity Catholic,0,Northwest (Cedar Hill),2
2013-09-28,Parkway Central,2,Northwest (Cedar Hill),0
2013-09-28,Waynesville,2,Osage,0
2013-09-28,Licking,1,Osage,1
2013-09-28,West Plains,0,Osage,2
2013-09-28,Rolla,2,Osage,1
2013-09-28,Spokane,0,Osceola,2
2013-09-28,Winona,1,Osceola,2
2013-09-28,Springfield Catholic,2,Osceola,1
2013-09-28,Warrensburg,0,Owensville,2
2013-09-28,Battle,0,Owensville,2
2013-09-28,Cole Camp,0,Owensville,2
2013-09-28,St. Clair,0,Parkview,2
2013-09-28,Battle,0,Parkview,2
2013-09-28,Reeds Spring,2,Parkview,0
2013-09-28,Staley,2,Parkview,0
2013-09-28,Willard,2,Parkview,1
2013-09-28,Ft. Zumwalt East,2,Parkway Central,0
2013-09-28,Barat Academy,0,Parkway Central,2
2013-09-28,Veritas Christian Academy,0,Parkway Central,2
2013-09-28,Visitation Academy,2,Parkway Central,0
2013-09-28,Wheaton,2,Pleasant Hope,0
2013-09-28,Summersville,2,Portageville,1
2013-09-28,Exeter,0,Purdy,2
2013-09-28,Diamond,2,Purdy,0
2013-09-28,Battle,0,Reeds Spring,2
2013-09-28,University City,0,Ritenour,2
2013-09-28,St. Joseph Christian,0,Rock Port,2
2013-09-28,St. James,1,Rock Port,2
2013-09-28,Sacred Heart,0,Rockwood Summit,2
2013-09-28,Kearney,2,Rockwood Summit,0
2013-09-28,Wright City,0,Rolla,2
2013-09-28,Houston,0,Rolla,2
2013-09-28,West Plains,0,Rolla,2
2013-09-28,Waynesville,2,Rolla,0
2013-09-28,Plattsburg,1,Ruskin,1
2013-09-28,East (Kansas City),0,Ruskin,2
2013-09-28,Southwest (Washburn),2,Sarcoxie,0
2013-09-28,McAuley Catholic,1,Sarcoxie,1
2013-09-28,Carnahan,0,Seckman,2
2013-09-28,Skyline,0,Seneca,2
2013-09-28,Conway,0,Seneca,2
2013-09-28,Springfield Catholic,1,Seneca,1
2013-09-28,Osceola,2,Seneca,1
2013-09-28,Springfield Catholic,2,Skyline,0
2013-09-28,Versailles,1,Savannah,1
2013-09-28,Grain Valley,2,Savannah,0
2013-09-28,Marshall,0,Savannah,2
2013-09-28,Santa Fe,1,Savannah,1
2013-09-28,Fatima,2,Savannah,0
2013-09-28,Southwest Early College,2,Southeast,0
2013-09-28,East (Kansas City),2,Southeast,0
2013-09-28,Chamois,0,Southern Boone,2
2013-09-28,Linn,2,Southern Boone,0
2013-09-28,Tarkio,2,Southern Boone,0
2013-09-28,McAuley Catholic,0,Southwest (Washburn),2
2013-09-28,Cristo Rey,2,Southwest Early College,0
2013-09-28,Winona,1,Union,1
2013-09-28,Spokane,2,Union,1
2013-09-28,Reeds Spring,2,St. Clair,0
2013-09-28,Battle,0,St. Clair,2
2013-09-28,Warrensburg,2,St. Clair,0
2013-09-28,Villa Duchesne,0,St. James,2
2013-09-28,Warrenton,1,Webb City,1
2013-09-28,Herculaneum,2,Webb City,1
2013-09-28,Carnahan,0,Webb City,2
2013-09-28,Plattsburg,2,West Plains,0
2013-09-28,Visitation Academy,2,Trinity Catholic,0
2013-09-28,Chamois,0,Tarkio,2
2013-09-28,Linn,0,Tarkio,2
2013-09-28,Southwest Early College,1,University Academy Charter,1
2013-09-28,East (Kansas City),0,University Academy Charter,2
2013-09-28,Ft. Zumwalt East,0,Visitation Academy,2
2013-09-28,West Plains,0,Waynesville,2
2013-09-28,Licking,0,Waynesville,2
2013-09-28,Houston,0,Waynesville,2
2013-09-28,Mt. Vernon,0,Webb City,2
2013-09-28,Licking,1,West Plains,1
2013-09-28,School of the Ozarks,0,Wheaton,2
2013-09-28,Cole Camp,0,Willard,2
2013-09-28,Staley,1,Willard,1
2013-09-28,Kearney,2,Willard,0
2013-09-30,Bayless,0,Affton,2
2013-09-30,Central (Cape Girardeau),0,Bell City,3
2013-09-30,Nevada,2,Bolivar,0
2013-09-30,Webb City,2,Bourbon,0
2013-09-30,Lakeland,1,Bronaugh,2
2013-09-30,Holcomb,1,Campbell,2
2013-09-30,Cameron,2,Carrollton,0
2013-09-30,Kennett,2,Caruthersville,1
2013-09-30,Lincoln,2,Chilhowee,0
2013-09-30,Eldon,1,Cole Camp,2
2013-09-30,Sweet Springs,2,Crest Ridge,1
2013-09-30,Linn,2,Cuba,0
2013-09-30,Advance,0,Dexter,2
2013-09-30,St. James,0,Dixon,2
2013-09-30,Bishop LeBlond,2,East Buchanan,0
2013-09-30,Liberal,0,El Dorado Springs,2
2013-09-30,Wright City,2,Ellington,0
2013-09-30,Chamois,1,Eugene,2
2013-09-30,Incarnate Word Academy,1,Eureka,2
2013-09-30,Forsyth,2,Fordland,0
2013-09-30,Rockwood Summit,2,Fox,1
2013-09-30,Winfield,0,Ft. Zumwalt East,2
2013-09-30,Exeter,1,Galena,2
2013-09-30,Sweet Springs,0,Gideon,2
2013-09-30,Excelsior Springs,2,Harrisonville,0
2013-09-30,Summersville,2,Hayti,0
2013-09-30,Ft. Zumwalt South,2,Hazelwood West,1
2013-09-30,Ozark,2,Helias Catholic,1
2013-09-30,Eminence,2,Houston,0
2013-09-30,Pleasant Hope,2,Hurley,0
2013-09-30,Ozark,2,Jefferson City,1
2013-09-30,Miller Career Academy,0,Jennings,2
2013-09-30,Hazelwood Central,0,John Burroughs,2
2013-09-30,Duchesne,2,John F. Kennedy,0
2013-09-30,Nixa,2,Kickapoo,0
2013-09-30,Ballard,0,Kingsville,2
2013-09-30,Richmond,0,Knob Noster,2
2013-09-30,Seneca,0,Leopold,2
2013-09-30,Santa Fe,2,Lexington,0
2013-09-30,Winona,0,Liberty (Mountain View),2
2013-09-30,Lutheran (Kansas City),2,Lone Jack,0
2013-09-30,Villa Duchesne,2,Lutheran North,0
2013-09-30,Valley Park,1,Maplewood-Richmond Hts.,2
2013-09-30,Chillicothe,0,Marshall,2
2013-09-30,Lafayette (St. Joseph),2,Maryville,1
2013-09-30,Clayton,2,McCluer,0
2013-09-30,Hazelwood East,2,McCluer South-Berkeley,0
2013-09-30,Aurora,2,McDonald County,1
2013-09-30,California,2,Mexico,0
2013-09-30,Orrick,1,Mid-Buchanan,2
2013-09-30,St. Joseph's Academy,2,Montgomery County,0
2013-09-30,Washington,2,Montgomery County,0
2013-09-30,Pacific,2,Montgomery County,0
2013-09-30,West Plains,2,Mountain Grove,1
2013-09-30,Central (Springfield),2,Mt. Vernon,0
2013-09-30,Risco,0,North Pemiscot,2
2013-09-30,Malta Bend,0,Northwest (Hughesville),2
2013-09-30,Odessa,2,Oak Grove,0
2013-09-30,Raymore-Peculiar,2,Oak Park,1
2013-09-30,Zalma,1,Oran,2
2013-09-30,Fatima,2,Osage,0
2013-09-30,Washington,0,Pacific,2
2013-09-30,St. Joseph's Academy,2,Pacific,0
2013-09-30,Marquette,2,Parkway Central,0
2013-09-30,Southwest (Washburn),1,Pierce City,2
2013-09-30,Benton,0,Platte County,2
2013-09-30,Grain Valley,2,Pleasant Hill,1
2013-09-30,Cooter,1,Portageville,2
2013-09-30,Kingston,0,Potosi,2
2013-09-30,Ladue Horton Watkins,2,Principia,0
2013-09-30,Lamar,1,Rich Hill,1
2013-09-30,Licking,0,Rolla,2
2013-09-30,Savannah,3,Sacred Heart,2
2013-09-30,Malden,2,Senath-Hornersville,0
2013-09-30,Charleston,0,Sikeston,2
2013-09-30,Warsaw,1,Smithton,2
2013-09-30,Marquand-Zion,0,South Iron,2
2013-09-30,Blair Oaks,2,Southern Boone,0
2013-09-30,Chadwick,0,Spokane,2
2013-09-30,Parkway North,2,St. Charles,0
2013-09-30,Center,0,St. Pius X (Kansas City),2
2013-09-30,Liberty,1,Staley,2
2013-09-30,La Monte,2,Tipton,1
2013-09-30,Plattsburg,1,Trenton,2
2013-09-30,Springfield Catholic,2,Trinity Catholic,0
2013-09-30,North Kansas City,0,St. Charles,2
2013-09-30,Southeast,0,University Academy Charter,2
2013-09-30,Kingston,2,Valley,0
2013-09-30,Potosi,2,Valley,0
2013-09-30,St. Joseph's Academy,2,Washington,0
2013-09-30,Verona,2,Wheaton,0
2013-09-30,Oak Ridge,0,Woodland,2
2013-09-30,Veritas Christian Academy,2,Wright City,0
2013-10-01,Miami (Amoret),0,Adrian,2
2013-10-01,Bismarck,2,Arcadia Valley,0
2013-10-01,Bronaugh,2,Ballard,0
2013-10-01,MICDS,2,Barat Academy,0
2013-10-01,Raytown,1,Belton,1
2013-10-01,Lathrop,0,Benton,2
2013-10-01,Malden,0,Bernie,2
2013-10-01,St. Clair,0,Bloomfield,2
2013-10-01,Raymore-Peculiar,1,Blue Springs,2
2013-10-01,Park Hill South,2,Blue Springs South,0
2013-10-01,Niangua,0,Bradleyville,2
2013-10-01,Ozark,2,Branson,0
2013-10-01,Valley Park,0,Brentwood,2
2013-10-01,Logan-Rogersville,1,Buffalo,2
2013-10-01,Valley,0,Bunker,2
2013-10-01,Ava,0,Cabool,2
2013-10-01,Richmond,0,Carrollton,2
2013-10-01,Clarkton,2,Caruthersville,0
2013-10-01,Lincoln College Prep,2,Central (Kansas City),0
2013-10-01,Lee's Summit West,2,Central (St. Joseph),0
2013-10-01,Father Tolton,2,Chamois,0
2013-10-01,Kirksville,0,Chillicothe,2
2013-10-01,El Dorado Springs,2,Clever,0
2013-10-01,Wentworth Military Academy,0,Concordia,2
2013-10-01,Ursuline Academy,0,Cor Jesu Academy,2
2013-10-01,Purdy,0,Crane,2
2013-10-01,Kingsville,1,Crest Ridge,2
2013-10-01,Southeast,0,Cristo Rey,2
2013-10-01,Jefferson (Festus),1,Crystal City,1
2013-10-01,St. James,0,Cuba,2
2013-10-01,Sarcoxie,0,Diamond,2
2013-10-01,Archie,0,Drexel,2
2013-10-01,Southwest Early College,0,East (Kansas City),2
2013-10-01,Mehlville,1,Eureka,2
2013-10-01,Thomas Jefferson Independent Day,2,Everton,0
2013-10-01,Cassville,0,Forsyth,2
2013-10-01,Staley,2,Fort Osage,0
2013-10-01,Lindbergh,2,Fox,0
2013-10-01,Ft. Zumwalt West,1,Francis Howell,2
2013-10-01,Hannibal,2,Fulton,0
2013-10-01,New Heights Christian,2,Golden City,0
2013-10-01,Sparta,0,Grain Valley,2
2013-10-01,Kearney,2,Grandview,0
2013-10-01,Savannah,2,Hallsville,0
2013-10-01,Crossroads College Preparatory,2,Hancock,0
2013-10-01,St. Vincent,2,Herculaneum,0
2013-10-01,Owensville,0,Hermann,2
2013-10-01,Tarkio,0,Hermann,2
2013-10-01,New Haven,0,Hermann,2
2013-10-01,Central (Springfield),2,Hillcrest,0
2013-10-01,Mid-Buchanan,2,Hogan Prep Academy Charter,0
2013-10-01,Reeds Spring,2,Hollister,0
2013-10-01,Ft. Zumwalt North,2,Holt,1
2013-10-01,Farmington,2,Jackson,1
2013-10-01,Camdenton,0,Jefferson City,2
2013-10-01,Nerinx Hall,1,Kirkwood,2
2013-10-01,Lexington,0,Knob Noster,2
2013-10-01,Holden,0,Lafayette County,2
2013-10-01,Dexter,2,Leopold,0
2013-10-01,Lee's Summit North,0,Liberty,2
2013-10-01,Wright City,2,Licking,1
2013-10-01,Marquette,2,Lindbergh,0
2013-10-01,Bolivar,0,Marshfield,2
2013-10-01,Lafayette (St. Joseph),2,Maryville,1
2013-10-01,Cardinal Ritter,0,McCluer South-Berkeley,2
2013-10-01,Mt. Vernon,0,McDonald County,2
2013-10-01,Boonville,2,Mexico,0
2013-10-01,Pierce City,2,Miller,0
2013-10-01,Carnahan,0,Miller Career Academy,2
2013-10-01,North Platte,0,Mound City,2
2013-10-01,St. James,0,Mound City,2
2013-10-01,Webb City,2,Neosho,0
2013-10-01,Joplin,1,Nevada,2
2013-10-01,St. James,0,North Platte,2
2013-10-01,Lee's Summit,1,Notre Dame de Sion,2
2013-10-01,Odessa,2,Oak Grove,0
2013-10-01,Charleston,0,Oak Ridge,2
2013-10-01,St. Pius X (Kansas City),2,O'Hara,1
2013-10-01,Sikeston,2,Oran,1
2013-10-01,Sarcoxie,0,Osage,2
2013-10-01,Midway,0,Osceola,2
2013-10-01,New Haven,2,Owensville,0
2013-10-01,Tarkio,0,Owensville,2
2013-10-01,Ruskin,0,Park Hill,2
2013-10-01,Parkway West,2,Pattonville,1
2013-10-01,Lesterville,2,Poplar Bluff,0
2013-10-01,Zalma,0,Puxico,2
2013-10-01,Platte County,2,Raytown South,0
2013-10-01,Carthage,0,Republic,2
2013-10-01,Campbell,2,Richland (Essex),0
2013-10-01,Northwest (Cedar Hill),2,Rockwood Summit,0
2013-10-01,Gateway,1,Roosevelt,2
2013-10-01,Carl Junction,2,Seneca,0
2013-10-01,Barstow,3,Sherwood,0
2013-10-01,Sacred Heart,2,Smithton,0
2013-10-01,West Plains,0,Soldan International Studies,2
2013-10-01,Cooter,0,Summersville,2
2013-10-01,California,2,Southern Boone,0
2013-10-01,Hurley,0,Southwest (Washburn),2
2013-10-01,Blue Eye,0,Union,2
2013-10-01,Springfield Catholic,2,Spokane,1
2013-10-01,Winfield,2,St. Charles,0
2013-10-01,Hazelwood West,0,St. Charles West,2
2013-10-01,Incarnate Word Academy,0,St. Dominic,2
2013-10-01,Nodaway-Holt,0,St. Joseph Christian,2
2013-10-01,Oakville,0,St. Joseph's Academy,2
2013-10-01,Northwest (Hughesville),0,Willard,2
2013-10-01,Orrick,2,Sweet Springs,0
2013-10-01,Francis Howell Central,1,Timberland,2
2013-10-01,Lincoln,0,Tipton,2
2013-10-01,Springfield Catholic,2,Trinity Catholic,0
2013-10-01,Francis Howell North,0,Troy Buchanan,2
2013-10-01,New Haven,2,Tarkio,0
2013-10-01,Bishop DuBourg,2,Veritas Christian Academy,0
2013-10-01,Visitation Academy,0,Villa Duchesne,2
2013-10-01,Versailles,1,Warrensburg,2
2013-10-01,Orchard Farm,0,Warrenton,2
2013-10-01,Clinton,2,Warsaw,0
2013-10-01,Webb City,0,Waynesville,2
2013-10-01,Lutheran South,1,Webster Groves,2
2013-10-01,Santa Fe,2,Wellington-Napoleon,1
2013-10-01,Lone Jack,0,West Platte,2
2013-10-01,Lafayette (Wildwood),2,Westminster Christian Academy,0
2013-10-01,Nixa,2,Willard,0
2013-10-01,North Kansas City,2,William Chrisman,0
2013-10-01,La Monte,2,Windsor,1
2013-10-01,Liberty North,2,Winnetonka,0
2013-10-01,Oak Ridge,0,Woodland,2
2013-10-02,Whitfield,1,Barat Academy,2
2013-10-02,John F. Kennedy,0,Bishop DuBourg,2
2013-10-02,Ladue Horton Watkins,2,Brentwood,0
2013-10-02,Springfield Catholic,2,Cardinal Ritter,0
2013-10-02,Valley Park,0,Crystal City,2
2013-10-02,Lutheran St. Charles,1,Duchesne,2
2013-10-02,Francis Howell,2,Francis Howell Central,0
2013-10-02,Delta (Deering),0,Hayti,2
2013-10-02,Riverview Gardens,0,Hazelwood Central,2
2013-10-02,McCluer North,2,Hazelwood East,0
2013-10-02,McCluer,0,Hazelwood West,2
2013-10-02,Parkway Central,1,Incarnate Word Academy,2
2013-10-02,Clayton,2,Jennings,0
2013-10-02,Kickapoo,2,Lebanon,0
2013-10-02,Soldan International Studies,0,McCluer South-Berkeley,2
2013-10-02,Seckman,0,Mehlville,2
2013-10-02,Parkway South,0,MICDS,2
2013-10-02,Raytown,1,North Kansas City,2
2013-10-02,Webster Groves,2,Parkway North,1
2013-10-02,Pattonville,2,Ritenour,0
2013-10-02,Veritas Christian Academy,0,St. Dominic,2
2013-10-02,Notre Dame (St. Louis),2,Westminster Christian Academy,0
2013-10-03,Puxico,2,Advance,1
2013-10-03,Normandy Collaborative,0,Affton,2
2013-10-03,Liberty (Mountain View),2,Ava,0
2013-10-03,Hume,2,Ballard,0
2013-10-03,Versailles,0,Barstow,3
2013-10-03,Bishop LeBlond,2,Benton,0
2013-10-03,Galena,0,Billings,2
2013-10-03,School of the Ozarks,2,Blue Eye,0
2013-10-03,Lee's Summit North,2,Blue Springs,1
2013-10-03,Lee's Summit,0,Blue Springs South,2
2013-10-03,Fulton,0,Boonville,2
2013-10-03,Republic,2,Branson,0
2013-10-03,Reeds Spring,2,Buffalo,1
2013-10-03,Salem,0,Cabool,2
2013-10-03,Chamois,1,Calvary Lutheran,2
2013-10-03,Hillcrest,0,Camdenton,2
2013-10-03,Chillicothe,1,Cameron,2
2013-10-03,Senath-Hornersville,0,Campbell,2
2013-10-03,Soldan International Studies,2,Carnahan,0
2013-10-03,Ozark,2,Carthage,0
2013-10-03,Savannah,2,Center,0
2013-10-03,East (Kansas City),1,Central (Kansas City),2
2013-10-03,North County,1,Central (Park Hills),2
2013-10-03,St. Charles,2,Central (St. Joseph),0
2013-10-03,Hallsville,0,Centralia,2
2013-10-03,Sweet Springs,0,Clarkton,2
2013-10-03,John Burroughs,0,Clayton,2
2013-10-03,Poplar Bluff,0,Clearwater,2
2013-10-03,Gateway,0,Cleveland NJROTC,2
2013-10-03,Union,2,Clever,0
2013-10-03,Warrensburg,0,Clinton,2
2013-10-03,Green Ridge,0,Cole Camp,2
2013-10-03,La Monte,0,Cole Camp,2
2013-10-03,Miller Career Academy,2,College Preparatory,0
2013-10-03,Hayti,0,Cooter,2
2013-10-03,Spokane,2,Crane,0
2013-10-03,St. Clair,0,Crystal City,2
2013-10-03,Bourbon,0,Cuba,2
2013-10-03,Hume,0,Drexel,2
2013-10-03,Ballard,0,Drexel,2
2013-10-03,Penney,0,East Buchanan,2
2013-10-03,Osage,0,Eldon,2
2013-10-03,Lesterville,2,Eminence,0
2013-10-03,Ste. Genevieve,1,Farmington,2
2013-10-03,Blair Oaks,0,Fatima,2
2013-10-03,Raytown,2,Fort Osage,1
2013-10-03,Ft. Zumwalt East,2,Ft. Zumwalt North,0
2013-10-03,Troy Buchanan,2,Ft. Zumwalt West,1
2013-10-03,Joplin,1,Glendale,2
2013-10-03,Bronaugh,2,Golden City,0
2013-10-03,Oak Grove,0,Grain Valley,2
2013-10-03,Platte County,2,Grandview,0
2013-10-03,Windsor,0,Green Ridge,2
2013-10-03,Northwest (Hughesville),2,Green Ridge,0
2013-10-03,Ellington,0,Greenville,2
2013-10-03,Lift for Life Academy Charter,0,Hancock,2
2013-10-03,Rock Bridge,0,Helias Catholic,2
2013-10-03,Pacific,0,Hermann,2
2013-10-03,St. Joseph's Academy,2,Hermann,0
2013-10-03,Southwest Early College,0,Hogan Prep Academy Charter,2
2013-10-03,Richmond,0,Holden,2
2013-10-03,Marshfield,2,Hollister,1
2013-10-03,Ft. Zumwalt South,2,Holt,1
2013-10-03,Liberty,2,Kearney,1
2013-10-03,Parkview,0,Kickapoo,2
2013-10-03,Chilhowee,0,Kingsville,2
2013-10-03,Northwest (Hughesville),2,La Monte,0
2013-10-03,Fox,0,Lafayette (Wildwood),2
2013-10-03,Knob Noster,0,Lafayette County,2
2013-10-03,East Newton,1,Lamar,2
2013-10-03,Plattsburg,0,Lathrop,2
2013-10-03,North Platte,2,Lawson,1
2013-10-03,Oran,0,Leopold,2
2013-10-03,Carrollton,0,Lexington,2
2013-10-03,Conway,1,Licking,2
2013-10-03,Willard,2,Lincoln,0
2013-10-03,Smithton,2,Lincoln,0
2013-10-03,Springfield Catholic,0,Logan-Rogersville,2
2013-10-03,St. Paul Lutheran (Concordia),2,Lone Jack,0
2013-10-03,Crest Ridge,0,Lutheran (Kansas City),2
2013-10-03,Caruthersville,0,Malden,2
2013-10-03,Father Tolton,2,Malta Bend,0
2013-10-03,Kirksville,0,Marshall,2
2013-10-03,Ladue Horton Watkins,2,McCluer South-Berkeley,0
2013-10-03,Nevada,0,McDonald County,2
2013-10-03,Charleston,0,Meadow Heights,2
2013-10-03,Oakville,2,Mehlville,1
2013-10-03,Lakeland,0,Midway,2
2013-10-03,Cassville,2,Monett,1
2013-10-03,Carl Junction,2,Mt. Vernon,0
2013-10-03,Willard,2,Neosho,0
2013-10-03,Lutheran South,1,Nerinx Hall,2
2013-10-03,St. Joseph's Academy,2,New Haven,0
2013-10-03,Pacific,1,New Haven,2
2013-10-03,Jasper,0,New Heights Christian,2
2013-10-03,Windsor,0,Northwest (Hughesville),2
2013-10-03,Jackson,0,Notre Dame (Cape Girardeau),2
2013-10-03,Wellington-Napoleon,2,Orrick,0
2013-10-03,Washington,2,Owensville,0
2013-10-03,Lee's Summit West,2,Park Hill,0
2013-10-03,Ruskin,0,Park Hill South,2
2013-10-03,Liberty North,1,Pembroke Hill,2
2013-10-03,Excelsior Springs,0,Pleasant Hill,2
2013-10-03,Fredericktown,2,Potosi,0
2013-10-03,Winnetonka,2,Raytown South,0
2013-10-03,West Plains,1,Rolla,2
2013-10-03,Versailles,2,Sarcoxie,0
2013-10-03,Miller,2,Sarcoxie,0
2013-10-03,Maryville,1,Savannah,2
2013-10-03,Perryville,2,Saxony Lutheran,0
2013-10-03,Bell City,2,Seneca,0
2013-10-03,Aurora,2,Seneca,0
2013-10-03,Dexter,2,Sikeston,0
2013-10-03,Pleasant Hope,2,Skyline,0
2013-10-03,Tipton,1,Smithton,1
2013-10-03,Lafayette (St. Joseph),0,Sparta,2
2013-10-03,Southwest Early College,2,Southeast,0
2013-10-03,Eugene,0,Southern Boone,2
2013-10-03,Wheaton,0,Southwest (Washburn),2
2013-10-03,St. Charles West,0,St. Charles,2
2013-10-03,Ursuline Academy,0,St. Joseph's Academy,2
2013-10-03,Northwest (Cedar Hill),0,St. Pius X (Festus),2
2013-10-03,Notre Dame de Sion,1,St. Pius X (Kansas City),2
2013-10-03,Windsor (Imperial),2,St. Vincent,0
2013-10-03,St. James,0,Warsaw,2
2013-10-03,Sacred Heart,2,Willard,0
2013-10-03,Stockton,0,Winona,2
2013-10-03,Sherwood,0,Summit Christian Academy,3
2013-10-03,Roosevelt,1,West Plains,1
2013-10-03,Liberal,2,Thomas Jefferson Independent Day,0
2013-10-03,Francis Howell North,1,Timberland,2
2013-10-03,Sacred Heart,1,Tipton,1
2013-10-03,Risco,1,St. Clair,2
2013-10-03,Bismarck,2,Valle Catholic,0
2013-10-03,St. Paul Lutheran (Concordia),0,Valley,3
2013-10-03,Warrenton,2,Veritas Christian Academy,0
2013-10-03,South Iron,2,Viburnum,0
2013-10-03,Lebanon,0,Waynesville,2
2013-10-03,Nixa,2,Webb City,0
2013-10-03,Arcadia Valley,2,West County,0
2013-10-03,Thayer,0,Willow Springs,2
2013-10-03,Principia,0,Windsor (Imperial),2
2013-10-03,Bishop DuBourg,2,Windsor (Imperial),0
2013-10-03,Orchard Farm,0,Winfield,2
2013-10-03,Bloomfield,0,Woodland,2
2013-10-03,Battle,1,Wright City,2
2013-10-03,Bernie,2,Zalma,0
2013-10-04,Oran,0,Advance,2
2013-10-04,North Technical,0,Bayless,2
2013-10-04,Oak Ridge,3,Bell City,1
2013-10-04,Risco,0,Clarkton,2
2013-10-04,Cor Jesu Academy,2,Fox,0
2013-10-04,Trinity Catholic,2,Francis Howell North,0
2013-10-04,Westminster Christian Academy,0,Francis Howell North,2
2013-10-04,Barat Academy,1,Francis Howell North,1
2013-10-04,Fordland,3,Galena,0
2013-10-04,Hayti,0,Holcomb,2
2013-10-04,Seckman,0,Kirkwood,2
2013-10-04,St. Dominic,2,Lutheran North,0
2013-10-04,Lutheran North,0,Lutheran St. Charles,2
2013-10-04,St. Dominic,0,Lutheran St. Charles,2
2013-10-04,Eureka,0,Marquette,2
2013-10-04,Ladue Horton Watkins,2,McCluer South-Berkeley,0
2013-10-04,Greenville,2,Meadow Heights,1
2013-10-04,Gideon,2,North Pemiscot,0
2013-10-04,Sheldon,0,Northeast Vernon County,2
2013-10-04,Lindbergh,1,Oakville,2
2013-10-04,St. Joseph's Academy,0,St. Teresa's Academy,2
2013-10-04,Lutheran St. Charles,1,Timberland,1
2013-10-04,St. Dominic,2,Timberland,0
2013-10-04,Lutheran North,0,Timberland,2
2013-10-04,Barat Academy,1,Trinity Catholic,1
2013-10-04,Westminster Christian Academy,2,Trinity Catholic,0
2013-10-04,Campbell,0,St. Clair,2
2013-10-04,McCluer,2,University City,0
2013-10-04,Barat Academy,1,Westminster Christian Academy,1
2013-10-04,Ellington,0,Winona,2
2013-10-04,Richland (Essex),0,Woodland,0
2013-10-05,North Technical,0,Affton,2
2013-10-05,Normandy Collaborative,0,Affton,2
2013-10-05,John F. Kennedy,0,Affton,2
2013-10-05,Central (Park Hills),2,Arcadia Valley,0
2013-10-05,Bishop DuBourg,1,Arcadia Valley,1
2013-10-05,Valle Catholic,1,Arcadia Valley,1
2013-10-05,Dixon,2,Belle,0
2013-10-05,Eugene,0,Belle,2
2013-10-05,Linn,1,Belle,1
2013-10-05,North Kansas City,2,Belton,0
2013-10-05,Central (St. Joseph),2,Belton,0
2013-10-05,Platte County,2,Belton,0
2013-10-05,Eminence,2,Bernie,0
2013-10-05,Lesterville,2,Bernie,0
2013-10-05,Perryville,1,Bernie,1
2013-10-05,St. Pius X (Festus),2,Bishop DuBourg,0
2013-10-05,Valle Catholic,0,Bishop DuBourg,2
2013-10-05,Lesterville,0,Bismarck,2
2013-10-05,Charleston,0,Bismarck,2
2013-10-05,St. Pius X (Festus),2,Bismarck,0
2013-10-05,St. Vincent,0,Bismarck,2
2013-10-05,Bloomfield,0,Bismarck,2
2013-10-05,Eminence,0,Bismarck,2
2013-10-05,Lesterville,1,Bloomfield,1
2013-10-05,Charleston,1,Bloomfield,1
2013-10-05,St. Vincent,2,Bloomfield,0
2013-10-05,Valle Catholic,2,Bloomfield,0
2013-10-05,Cameron,0,Boonville,2
2013-10-05,Battle,0,Boonville,2
2013-10-05,Pleasant Hill,2,Boonville,0
2013-10-05,California,2,Boonville,0
2013-10-05,Calvary Lutheran,0,Bourbon,2
2013-10-05,Eugene,0,Bourbon,2
2013-10-05,Linn,2,Bourbon,0
2013-10-05,St. Charles West,2,Bowling Green,0
2013-10-05,Troy Buchanan,2,Bowling Green,0
2013-10-05,St. Charles,2,Bowling Green,0
2013-10-05,Rock Bridge,2,Bowling Green,0
2013-10-05,Everton,2,Bradleyville,0
2013-10-05,School of the Ozarks,2,Bradleyville,0
2013-10-05,Chadwick,0,Bradleyville,2
2013-10-05,West Plains,0,Cabool,2
2013-10-05,Mt. Vernon,1,Cabool,1
2013-10-05,Conway,0,Cabool,2
2013-10-05,Branson,2,Cabool,0
2013-10-05,Battle,1,Cameron,1
2013-10-05,Pleasant Hill,2,Cameron,0
2013-10-05,Central (Park Hills),2,Central (Cape Girardeau),0
2013-10-05,Bishop DuBourg,2,Central (Cape Girardeau),0
2013-10-05,Valle Catholic,2,Central (Cape Girardeau),0
2013-10-05,Arcadia Valley,2,Central (Cape Girardeau),0
2013-10-05,Bishop DuBourg,1,Central (Park Hills),1
2013-10-05,Valle Catholic,0,Central (Park Hills),2
2013-10-05,Saxony Lutheran,1,Central (Park Hills),2
2013-10-05,Perryville,2,Central (Park Hills),0
2013-10-05,Branson,0,Central (Springfield),2
2013-10-05,Mt. Vernon,0,Central (Springfield),2
2013-10-05,North Kansas City,2,Central (St. Joseph),0
2013-10-05,Platte County,2,Central (St. Joseph),0
2013-10-05,Bourbon,1,Centralia,1
2013-10-05,Eugene,0,Centralia,2
2013-10-05,Dixon,2,Centralia,0
2013-10-05,Calvary Lutheran,0,Centralia,2
2013-10-05,Everton,2,Chadwick,0
2013-10-05,School of the Ozarks,2,Chadwick,0
2013-10-05,Lesterville,2,Charleston,0
2013-10-05,St. Vincent,2,Charleston,0
2013-10-05,Bishop LeBlond,2,Chillicothe,0
2013-10-05,Maryville,2,Chillicothe,0
2013-10-05,West Platte,0,Chillicothe,2
2013-10-05,Savannah,2,Chillicothe,1
2013-10-05,Windsor,0,Cole Camp,2
2013-10-05,Northwest (Hughesville),0,Cole Camp,2
2013-10-05,Willard,2,Cole Camp,1
2013-10-05,Mt. Vernon,2,Conway,0
2013-10-05,Nerinx Hall,1,Cor Jesu Academy,2
2013-10-05,St. Pius X (Festus),2,DeSoto,0
2013-10-05,Fredericktown,0,DeSoto,2
2013-10-05,Seneca,0,DeSoto,2
2013-10-05,Saxony Lutheran,2,DeSoto,0
2013-10-05,Arcadia Valley,1,DeSoto,2
2013-10-05,Lesterville,2,DeSoto,0
2013-10-05,Linn,0,Dixon,2
2013-10-05,Rock Bridge,2,Duchesne,0
2013-10-05,Perryville,2,Eminence,0
2013-10-05,Calvary Lutheran,1,Eugene,1
2013-10-05,School of the Ozarks,2,Everton,0
2013-10-05,Hurley,2,Everton,1
2013-10-05,Lutheran South,2,Festus,0
2013-10-05,Webb City,1,Festus,1
2013-10-05,Parkway Central,0,Festus,2
2013-10-05,Parkway North,2,Festus,0
2013-10-05,Incarnate Word Academy,2,Fox,0
2013-10-05,Parkway South,2,Fox,0
2013-10-05,Kirkwood,1,Francis Howell,1
2013-10-05,Francis Howell Central,0,Francis Howell,2
2013-10-05,Webster Groves,1,Francis Howell,1
2013-10-05,Pattonville,0,Francis Howell,2
2013-10-05,Kirkwood,2,Francis Howell Central,0
2013-10-05,Pattonville,1,Francis Howell Central,1
2013-10-05,Webster Groves,1,Francis Howell Central,1
2013-10-05,Westminster Christian Academy,2,Francis Howell North,1
2013-10-05,St. Dominic,2,Francis Howell North,0
2013-10-05,St. Pius X (Festus),2,Fredericktown,0
2013-10-05,Saxony Lutheran,2,Fredericktown,0
2013-10-05,Seneca,0,Fredericktown,2
2013-10-05,Valle Catholic,2,Fredericktown,0
2013-10-05,Duchesne,2,Ft. Zumwalt West,0
2013-10-05,St. Charles West,0,Ft. Zumwalt West,2
2013-10-05,Hannibal,2,Ft. Zumwalt West,0
2013-10-05,St. Charles,0,Ft. Zumwalt West,2
2013-10-05,Verona,2,Golden City,0
2013-10-05,Jasper,2,Golden City,0
2013-10-05,Sarcoxie,1,Golden City,1
2013-10-05,St. Pius X (Kansas City),2,Grandview,0
2013-10-05,Fort Osage,2,Grandview,0
2013-10-05,La Monte,0,Green Ridge,2
2013-10-05,Windsor,0,Green Ridge,2
2013-10-05,Smithton,0,Green Ridge,2
2013-10-05,Verona,0,Greenfield,2
2013-10-05,Jasper,2,Greenfield,0
2013-10-05,Rich Hill,0,Greenfield,2
2013-10-05,Thomas Jefferson Independent Day,0,Greenfield,2
2013-10-05,McAuley Catholic,1,Greenfield,1
2013-10-05,Duchesne,1,Hannibal,2
2013-10-05,St. Charles West,0,Hannibal,2
2013-10-05,Troy Buchanan,2,Hannibal,1
2013-10-05,Grandview,0,Harrisonville,2
2013-10-05,St. Pius X (Kansas City),2,Harrisonville,0
2013-10-05,Fort Osage,1,Harrisonville,1
2013-10-05,Platte County,2,Harrisonville,0
2013-10-05,North Kansas City,0,Harrisonville,2
2013-10-05,Hazelwood East,0,Hazelwood Central,2
2013-10-05,Ritenour,2,Hazelwood East,0
2013-10-05,University City,0,Hazelwood East,2
2013-10-05,California,2,Holden,0
2013-10-05,Warrensburg,0,Holden,2
2013-10-05,Santa Fe,2,Holden,0
2013-10-05,Cameron,1,Holden,2
2013-10-05,Central (Springfield),2,Hollister,0
2013-10-05,Branson,2,Hollister,0
2013-10-05,McDonald County,1,Hollister,1
2013-10-05,Niangua,0,Hurley,2
2013-10-05,Eminence,2,Jackson,0
2013-10-05,Sikeston,0,Jackson,2
2013-10-05,Perryville,2,Jackson,0
2013-10-05,Bernie,2,Jackson,0
2013-10-05,Bloomfield,2,Jackson,0
2013-10-05,Verona,0,Jasper,2
2013-10-05,Sarcoxie,0,Jasper,2
2013-10-05,Rich Hill,0,Jasper,2
2013-10-05,Notre Dame (St. Louis),2,John Burroughs,0
2013-10-05,Springfield Catholic,0,Kirkwood,2
2013-10-05,Winfield,0,Kirkwood,2
2013-10-05,Windsor,1,La Monte,1
2013-10-05,Lincoln,2,La Monte,1
2013-10-05,Bishop LeBlond,2,Lafayette (St. Joseph),0
2013-10-05,Lutheran (Kansas City),2,Lafayette (St. Joseph),0
2013-10-05,Savannah,2,Lafayette (St. Joseph),0
2013-10-05,Northeast (Kansas City),0,Lafayette (St. Joseph),2
2013-10-05,Maryville,0,Lafayette (St. Joseph),2
2013-10-05,St. Vincent,2,Lesterville,0
2013-10-05,Tipton,2,Lincoln,0
2013-10-05,Sacred Heart,2,Lincoln,0
2013-10-05,Trinity Catholic,2,Lutheran North,0
2013-10-05,Barat Academy,2,Lutheran North,0
2013-10-05,St. Dominic,2,Lutheran North,0
2013-10-05,Notre Dame (St. Louis),0,Lutheran South,2
2013-10-05,Westminster Christian Academy,0,Lutheran St. Charles,2
2013-10-05,St. Dominic,2,Lutheran St. Charles,0
2013-10-05,Bishop LeBlond,2,Maryville,0
2013-10-05,West Platte,0,Maryville,2
2013-10-05,Central (Springfield),2,McDonald County,0
2013-10-05,Branson,2,McDonald County,0
2013-10-05,Ursuline Academy,0,Nerinx Hall,2
2013-10-05,North Technical,2,Normandy Collaborative,0
2013-10-05,John F. Kennedy,2,Normandy Collaborative,0
2013-10-05,Notre Dame (St. Louis),2,Normandy Collaborative,0
2013-10-05,Platte County,2,North Kansas City,0
2013-10-05,St. Pius X (Kansas City),2,North Kansas City,0
2013-10-05,John F. Kennedy,2,North Technical,0
2013-10-05,Savannah,2,Northeast (Kansas City),0
2013-10-05,Sacred Heart,2,Northwest (Hughesville),0
2013-10-05,St. Joseph's Academy,2,Ozark,1
2013-10-05,Lutheran South,1,Parkway Central,1
2013-10-05,Webb City,0,Parkway Central,2
2013-10-05,Notre Dame (St. Louis),1,Parkway North,1
2013-10-05,Rockwood Summit,1,Parkway North,1
2013-10-05,John Burroughs,0,Parkway North,2
2013-10-05,Lutheran South,2,Parkway North,1
2013-10-05,Cor Jesu Academy,1,Parkway West,2
2013-10-05,Winfield,1,Pattonville,1
2013-10-05,Springfield Catholic,1,Pattonville,1
2013-10-05,St. Pius X (Festus),0,Perryville,2
2013-10-05,St. Vincent,0,Perryville,2
2013-10-05,St. Pius X (Kansas City),0,Platte County,2
2013-10-05,Battle,0,Pleasant Hill,2
2013-10-05,Santa Fe,1,Pleasant Hill,2
2013-10-05,California,0,Pleasant Hill,2
2013-10-05,Puxico,2,Poplar Bluff,0
2013-10-05,Thomas Jefferson Independent Day,0,Rich Hill,2
2013-10-05,McAuley Catholic,0,Rich Hill,2
2013-10-05,Notre Dame (St. Louis),1,Rockwood Summit,1
2013-10-05,John Burroughs,2,Rockwood Summit,0
2013-10-05,California,1,Santa Fe,1
2013-10-05,Verona,2,Sarcoxie,0
2013-10-05,Bishop LeBlond,0,Savannah,2
2013-10-05,Lutheran (Kansas City),1,Savannah,1
2013-10-05,St. Pius X (Festus),2,Seneca,0
2013-10-05,Saxony Lutheran,2,Seneca,0
2013-10-05,Eminence,2,Sikeston,0
2013-10-05,Bernie,2,Sikeston,0
2013-10-05,Perryville,2,Sikeston,0
2013-10-05,Willard,2,Smithton,0
2013-10-05,Sacred Heart,2,Smithton,0
2013-10-05,Troy Buchanan,2,St. Charles,0
2013-10-05,Rock Bridge,2,St. Charles,0
2013-10-05,Duchesne,2,St. Charles West,0
2013-10-05,Dixon,2,St. James,0
2013-10-05,Belle,1,St. James,1
2013-10-05,Linn,2,St. James,0
2013-10-05,Saxony Lutheran,1,St. Pius X (Festus),1
2013-10-05,Fort Osage,0,St. Pius X (Kansas City),2
2013-10-05,Ozark,1,St. Teresa's Academy,2
2013-10-05,Tipton,0,Willard,2
2013-10-05,Sacred Heart,2,Willard,0
2013-10-05,Lutheran South,2,Webb City,0
2013-10-05,McAuley Catholic,1,Thomas Jefferson Independent Day,1
2013-10-05,Trinity Catholic,1,Timberland,2
2013-10-05,Barat Academy,0,Timberland,2
2013-10-05,Windsor,2,Tipton,0
2013-10-05,Westminster Christian Academy,2,Trinity Catholic,0
2013-10-05,Rock Bridge,2,Troy Buchanan,0
2013-10-05,Battle,0,Warrensburg,2
2013-10-05,California,2,Warrensburg,0
2013-10-05,Santa Fe,2,Warrensburg,0
2013-10-05,Winfield,0,Webster Groves,2
2013-10-05,Springfield Catholic,1,Webster Groves,1
2013-10-05,Conway,0,West Plains,2
2013-10-05,Mt. Vernon,2,West Plains,0
2013-10-05,Bishop LeBlond,2,West Platte,0
2013-10-05,Lutheran (Kansas City),2,West Platte,0
2013-10-05,Orchard Farm,2,Whitfield,1
2013-10-05,Springfield Catholic,2,Winfield,0
2013-10-07,Herculaneum,0,Affton,2
2013-10-07,Archie,0,Barstow,2
2013-10-07,Saxony Lutheran,3,Bell City,0
2013-10-07,Oak Park,2,Belton,1
2013-10-07,St. Dominic,2,Bishop DuBourg,1
2013-10-07,Jefferson City,2,Blue Springs,1
2013-10-07,Willard,0,Boonville,2
2013-10-07,St. Clair,2,Bourbon,0
2013-10-07,Rich Hill,0,Butler,3
2013-10-07,Central (Springfield),2,Cabool,0
2013-10-07,Tipton,0,California,2
2013-10-07,Malden,1,Campbell,2
2013-10-07,Clever,2,Cassville,1
2013-10-07,University City,0,Clayton,2
2013-10-07,Southwest (Washburn),0,Crane,2
2013-10-07,Central (Kansas City),0,Cristo Rey,2
2013-10-07,Valley,2,Ellington,0
2013-10-07,Mountain Grove,2,Eminence,0
2013-10-07,Sarcoxie,0,Eugene,2
2013-10-07,New Haven,0,Fatima,2
2013-10-07,Crystal City,0,Festus,2
2013-10-07,Kirkwood,0,Francis Howell,2
2013-10-07,Eureka,2,Francis Howell North,0
2013-10-07,St. Charles,2,Ft. Zumwalt South,1
2013-10-07,Bernie,2,Gideon,0
2013-10-07,Webb City,0,Glendale,2
2013-10-07,Warsaw,0,Hallsville,2
2013-10-07,Troy Buchanan,2,Hannibal,0
2013-10-07,Battle,0,Helias Catholic,2
2013-10-07,Montgomery County,0,Hermann,1
2013-10-07,Southeast,0,Hogan Prep Academy Charter,2
2013-10-07,Summersville,2,Holcomb,0
2013-10-07,Park Hill,1,Kearney,2
2013-10-07,Benton,2,Lafayette (St. Joseph),0
2013-10-07,Villa Duchesne,0,Lafayette (Wildwood),2
2013-10-07,Miami (Amoret),0,Lakeland,2
2013-10-07,Wellington-Napoleon,1,Lathrop,2
2013-10-07,Woodland,0,Leopold,2
2013-10-07,Dixon,2,Licking,1
2013-10-07,West Plains,0,Logan-Rogersville,2
2013-10-07,Hazelwood Central,2,Maplewood-Richmond Hts.,0
2013-10-07,Meadow Heights,1,Marquand-Zion,1
2013-10-07,Rock Port,1,Maryville,2
2013-10-07,Golden City,0,McAuley Catholic,2
2013-10-07,Pembroke Hill,0,Midway,2
2013-10-07,East Buchanan,0,Mound City,2
2013-10-07,Lebanon,0,Nixa,2
2013-10-07,Delta (Deering),0,North Pemiscot,2
2013-10-07,Perryville,2,Notre Dame (Cape Girardeau),1
2013-10-07,O'Hara,1,Notre Dame de Sion,2
2013-10-07,Harrisonville,2,Oak Grove,1
2013-10-07,Bloomfield,0,Oran,2
2013-10-07,Concordia,2,Orrick,0
2013-10-07,Skyline,0,Osage,2
2013-10-07,El Dorado Springs,2,Osceola,1
2013-10-07,Rolla,2,Owensville,1
2013-10-07,Webster Groves,2,Pattonville,0
2013-10-07,Bunker,2,Plato,1
2013-10-07,Cameron,2,Plattsburg,0
2013-10-07,Parkview,0,Reeds Spring,2
2013-10-07,Charleston,2,Richland (Essex),1
2013-10-07,Hayti,2,Risco,0
2013-10-07,Parkway North,2,Ritenour,1
2013-10-07,Crossroads College Preparatory,2,Riverview Gardens,0
2013-10-07,Notre Dame (St. Louis),0,Springfield Catholic,2
2013-10-07,Center,0,Ruskin,2
2013-10-07,Lamar,2,Sarcoxie,0
2013-10-07,Chadwick,0,School of the Ozarks,2
2013-10-07,Caruthersville,0,Senath-Hornersville,2
2013-10-07,Lift for Life Academy Charter,2,Soldan International Studies,0
2013-10-07,Lesterville,2,South Iron,0
2013-10-07,Eldon,2,Southern Boone,1
2013-10-07,Forsyth,1,Spokane,2
2013-10-07,Union,0,Springfield Catholic,2
2013-10-07,Orchard Farm,0,St. Charles West,2
2013-10-07,Duchesne,1,St. Joseph's Academy,2
2013-10-07,Penney,0,St. Joseph Christian,2
2013-10-07,Knob Noster,0,St. Paul Lutheran (Concordia),2
2013-10-07,Savannah,2,St. Pius X (Kansas City),1
2013-10-07,Bismarck,2,Ste. Genevieve,1
2013-10-07,Liberty (Mountain View),2,Winona,0
2013-10-07,Seckman,0,Webb City,2
2013-10-07,Wentworth Military Academy,0,Sweet Springs,2
2013-10-07,McCluer South-Berkeley,0,Trinity Catholic,2
2013-10-07,Poplar Bluff,2,St. Clair,0
2013-10-07,John F. Kennedy,2,Veritas Christian Academy,0
2013-10-07,Viburnum,0,West County,2
2013-10-07,John Burroughs,2,Whitfield,0
2013-10-07,Greenville,2,Zalma,0
2013-10-08,Valley,0,Arcadia Valley,2
2013-10-08,Mt. Vernon,2,Aurora,1
2013-10-08,Eldon,2,Battle,1
2013-10-08,Valley Park,0,Bayless,2
2013-10-08,Bourbon,1,Belle,2
2013-10-08,William Chrisman,0,Belton,2
2013-10-08,St. Clair,0,Bernie,2
2013-10-08,Kingston,0,Bismarck,2
2013-10-08,Advance,2,Bloomfield,0
2013-10-08,Spokane,1,Blue Eye,2
2013-10-08,Hollister,2,Bolivar,0
2013-10-08,Versailles,0,California,2
2013-10-08,Gideon,2,Campbell,1
2013-10-08,Whitfield,2,Cardinal Ritter,1
2013-10-08,Lamar,0,Carl Junction,2
2013-10-08,Holden,2,Carrollton,0
2013-10-08,East Newton,1,Cassville,2
2013-10-08,Fredericktown,0,Central (Park Hills),2
2013-10-08,Glendale,2,Central (Springfield),1
2013-10-08,Doniphan,2,Charleston,1
2013-10-08,Orrick,2,Chilhowee,0
2013-10-08,Lafayette (St. Joseph),2,Chillicothe,0
2013-10-08,Soldan International Studies,1,College Preparatory,1
2013-10-08,Sweet Springs,0,Concordia,2
2013-10-08,Sweet Springs,0,Cooter,2
2013-10-08,Nerinx Hall,1,Cor Jesu Academy,2
2013-10-08,Brentwood,2,Crossroads College Preparatory,0
2013-10-08,Risco,2,Delta (Deering),0
2013-10-08,St. Vincent,2,DeSoto,0
2013-10-08,Pierce City,2,Diamond,1
2013-10-08,Warsaw,0,Dixon,2
2013-10-08,Hogan Prep Academy Charter,1,East (Kansas City),1
2013-10-08,Cameron,2,East Buchanan,0
2013-10-08,Grain Valley,2,Excelsior Springs,0
2013-10-08,Pleasant Hope,0,Fair Grove,2
2013-10-08,Galena,0,Forsyth,2
2013-10-08,Raytown South,0,Fort Osage,2
2013-10-08,Parkway South,2,Fox,0
2013-10-08,Timberland,0,Francis Howell,2
2013-10-08,Ft. Zumwalt West,2,Francis Howell North,0
2013-10-08,Ft. Zumwalt South,1,Ft. Zumwalt East,2
2013-10-08,Washington,2,Ft. Zumwalt North,1
2013-10-08,Liberty North,2,Grandview,0
2013-10-08,Tipton,0,Green Ridge,2
2013-10-08,Sarcoxie,0,Hallsville,2
2013-10-08,Clarkton,2,Hayti,0
2013-10-08,Festus,2,Herculaneum,0
2013-10-08,St. Clair,0,Hermann,2
2013-10-08,Bronaugh,1,Hume,2
2013-10-08,Golden City,0,Jasper,2
2013-10-08,Kickapoo,0,Jefferson City,2
2013-10-08,Central (Cape Girardeau),0,Kennett,2
2013-10-08,Oakville,0,Lafayette (Wildwood),2
2013-10-08,Greenville,0,Leopold,2
2013-10-08,Lafayette County,2,Lexington,0
2013-10-08,Lee's Summit,0,Liberty,2
2013-10-08,Smithton,2,Lincoln,0
2013-10-08,Northwest (Cedar Hill),2,Lindbergh,0
2013-10-08,Wellington-Napoleon,2,Lone Jack,0
2013-10-08,Westminster Christian Academy,1,Lutheran South,2
2013-10-08,St. Charles,0,Lutheran St. Charles,2
2013-10-08,Richland (Essex),0,Malden,2
2013-10-08,Mehlville,0,Marquette,2
2013-10-08,Fulton,0,Marshall,2
2013-10-08,Reeds Spring,2,Marshfield,0
2013-10-08,Barat Academy,2,McCluer North,1
2013-10-08,Joplin,2,McDonald County,0
2013-10-08,Visitation Academy,1,MICDS,2
2013-10-08,Drexel,0,Midway,2
2013-10-08,Liberal,2,Miller,1
2013-10-08,Waynesville,0,Miller Career Academy,2
2013-10-08,Centralia,2,Montgomery County,0
2013-10-08,St. Joseph Christian,0,Mound City,2
2013-10-08,Calvary Lutheran,2,Niangua,0
2013-10-08,Ste. Genevieve,0,North County,2
2013-10-08,Holcomb,2,North Pemiscot,0
2013-10-08,Lutheran (Kansas City),2,North Platte,0
2013-10-08,Central (Kansas City),2,Northeast (Kansas City),0
2013-10-08,Ballard,2,Northeast Vernon County,0
2013-10-08,North Kansas City,0,Oak Park,2
2013-10-08,Pleasant Hill,2,Odessa,0
2013-10-08,Bell City,2,Oran,3
2013-10-08,St. Charles West,2,Orchard Farm,0
2013-10-08,Adrian,0,Osceola,2
2013-10-08,Pacific,2,Owensville,0
2013-10-08,Nixa,0,Ozark,2
2013-10-08,Central (St. Joseph),0,Park Hill South,2
2013-10-08,Seckman,0,Parkway Central,2
2013-10-08,Rockwood Summit,0,Parkway West,2
2013-10-08,Kearney,2,Platte County,0
2013-10-08,Sikeston,1,Portageville,2
2013-10-08,Farmington,2,Potosi,1
2013-10-08,Lee's Summit North,2,Raymore-Peculiar,0
2013-10-08,Neosho,0,Republic,2
2013-10-08,Miami (Amoret),0,Rich Hill,2
2013-10-08,Knob Noster,2,Richmond,0
2013-10-08,Ladue Horton Watkins,2,Ritenour,1
2013-10-08,Carnahan,2,Roosevelt,0
2013-10-08,Rolla,2,Salem,0
2013-10-08,St. Paul Lutheran (Concordia),1,Santa Fe,2
2013-10-08,Lawson,0,Savannah,2
2013-10-08,Puxico,2,Seneca,0
2013-10-08,Summersville,2,Senath-Hornersville,0
2013-10-08,Monett,0,Seneca,2
2013-10-08,Clinton,0,Savannah,2
2013-10-08,Notre Dame de Sion,2,Sparta,0
2013-10-08,Mid-Buchanan,0,St. James,2
2013-10-08,Kirksville,0,Southern Boone,2
2013-10-08,McAuley Catholic,1,Southwest (Washburn),2
2013-10-08,Buffalo,2,Springfield Catholic,1
2013-10-08,Duchesne,1,St. Joseph's Academy,2
2013-10-08,Skyline,1,Stockton,2
2013-10-08,La Monte,0,Willard,2
2013-10-08,New Haven,2,Webb City,1
2013-10-08,Plato,0,Wright City,2
2013-10-08,Cleveland NJROTC,2,West Plains,0
2013-10-08,McCluer,0,Trinity Catholic,2
2013-10-08,Francis Howell Central,0,Troy Buchanan,2
2013-10-08,St. James,0,Tarkio,2
2013-10-08,Southwest Early College,0,University Academy Charter,2
2013-10-08,Incarnate Word Academy,0,Ursuline Academy,2
2013-10-08,West County,0,Valle Catholic,2
2013-10-08,Everton,0,Verona,2
2013-10-08,Principia,0,Villa Duchesne,2
2013-10-08,Licking,0,Waynesville,2
2013-10-08,Branson,2,Webb City,0
2013-10-08,Orrick,2,Wentworth Military Academy,0
2013-10-08,Chilhowee,0,Wentworth Military Academy,2
2013-10-08,Carthage,1,Willard,2
2013-10-08,Winona,2,Willow Springs,0
2013-10-08,Cole Camp,2,Windsor,0
2013-10-08,Warrenton,2,Winfield,1
2013-10-08,Staley,2,Winnetonka,0
2013-10-08,Bowling Green,0,Wright City,2
2013-10-09,Mehlville,1,Affton,1
2013-10-09,Veritas Christian Academy,2,Cardinal Ritter,0
2013-10-09,Lutheran North,0,Clayton,2
2013-10-09,Bishop DuBourg,0,Duchesne,2
2013-10-09,St. Pius X (Festus),2,Jefferson (Festus),0
2013-10-09,Notre Dame (St. Louis),2,John Burroughs,1
2013-10-09,Lutheran St. Charles,2,John F. Kennedy,0
2013-10-09,Webster Groves,0,Kirkwood,2
2013-10-09,St. Charles,2,Lee's Summit North,0
2013-10-09,Raymore-Peculiar,0,Lee's Summit West,2
2013-10-09,Bayless,1,Maplewood-Richmond Hts.,2
2013-10-09,Hazelwood Central,0,McCluer North,2
2013-10-09,Oak Ridge,2,Meadow Heights,0
2013-10-09,Southeast,0,Northeast (Kansas City),2
2013-10-09,Warrensburg,0,O'Hara,2
2013-10-09,Holt,2,Orchard Farm,0
2013-10-09,Hazelwood East,0,Pattonville,2
2013-10-09,Central (New Madrid County),2,Risco,0
2013-10-09,Hazelwood West,0,Ritenour,2
2013-10-09,McCluer,2,Riverview Gardens,0
2013-10-09,Hancock,2,Roosevelt,0
2013-10-09,Kennett,2,Seneca,1
2013-10-09,Washington,2,St. Charles West,1
2013-10-09,St. Joseph's Academy,2,St. Dominic,0
2013-10-09,Hermann,0,St. Joseph's Academy,2
2013-10-09,Springfield Catholic,0,St. Joseph's Academy,2
2013-10-09,Parkway North,2,University City,0
2013-10-09,Barat Academy,2,Warrenton,1
2013-10-09,Parkway Central,1,Westminster Christian Academy,2
2013-10-09,Liberty (Mountain View),2,Willow Springs,0
2013-10-10,Jennings,0,Affton,2
2013-10-10,Rich Hill,1,Archie,2
2013-10-10,Pembroke Hill,0,Barstow,2
2013-10-10,Fatima,2,Battle,0
2013-10-10,Lafayette (St. Joseph),0,Bishop LeBlond,2
2013-10-10,Helias Catholic,2,Blair Oaks,0
2013-10-10,Bernie,2,Bloomfield,0
2013-10-10,Lee's Summit,1,Blue Springs,2
2013-10-10,Logan-Rogersville,2,Bolivar,0
2013-10-10,Fordland,2,Bradleyville,0
2013-10-10,Willard,2,Branson,0
2013-10-10,Principia,2,Brentwood,1
2013-10-10,Sarcoxie,2,Bronaugh,0
2013-10-10,South Iron,0,Bunker,2
2013-10-10,Sparta,2,Cameron,0
2013-10-10,Webb City,0,Carthage,2
2013-10-10,Carl Junction,2,Cassville,0
2013-10-10,Caruthersville,0,Central (New Madrid County),2
2013-10-10,Wright City,1,Centralia,2
2013-10-10,Hurley,2,Chadwick,0
2013-10-10,Eugene,3,Chamois,0
2013-10-10,McCluer South-Berkeley,0,Clayton,2
2013-10-10,Carnahan,0,Cleveland NJROTC,2
2013-10-10,Center,0,Clinton,2
2013-10-10,Tipton,0,Cole Camp,2
2013-10-10,Roosevelt,1,College Preparatory,1
2013-10-10,Wellington-Napoleon,2,Crest Ridge,0
2013-10-10,Valley Park,1,Crossroads College Preparatory,2
2013-10-10,Senath-Hornersville,2,Delta (Deering),0
2013-10-10,Poplar Bluff,0,Dexter,2
2013-10-10,Greenfield,0,Diamond,2
2013-10-10,Linn,0,Dixon,2
2013-10-10,Adrian,0,Drexel,2
2013-10-10,University Academy Charter,2,East (Kansas City),0
2013-10-10,Southeast,0,East (Kansas City),2
2013-10-10,Nevada,2,El Dorado Springs,1
2013-10-10,Blue Eye,2,Exeter,0
2013-10-10,Winona,0,Fair Grove,2
2013-10-10,Central (Park Hills),2,Farmington,0
2013-10-10,Calvary Lutheran,1,Father Tolton,2
2013-10-10,Northwest (Cedar Hill),2,Fox,0
2013-10-10,Kirkwood,0,Francis Howell,2
2013-10-10,Pattonville,0,Francis Howell North,2
2013-10-10,North County,2,Fredericktown,0
2013-10-10,Ft. Zumwalt West,2,Ft. Zumwalt East,0
2013-10-10,Kirksville,0,Fulton,2
2013-10-10,West Plains,0,Gateway,2
2013-10-10,Miller,2,Golden City,0
2013-10-10,Harrisonville,0,Grain Valley,2
2013-10-10,Doniphan,1,Greenville,2
2013-10-10,Rock Bridge,2,Hannibal,0
2013-10-10,Windsor (Imperial),2,Herculaneum,0
2013-10-10,Owensville,0,Hermann,2
2013-10-10,Kickapoo,2,Hillcrest,0
2013-10-10,Portageville,2,Holcomb,0
2013-10-10,Clever,0,Hollister,2
2013-10-10,Barat Academy,1,Incarnate Word Academy,2
2013-10-10,Leopold,2,Jackson,0
2013-10-10,MICDS,2,John F. Kennedy,0
2013-10-10,Camdenton,0,Joplin,2
2013-10-10,Winnetonka,0,Kearney,2
2013-10-10,Holden,2,Knob Noster,0
2013-10-10,Carrollton,0,Lafayette County,2
2013-10-10,Ballard,0,Lakeland,2
2013-10-10,Mt. Vernon,2,Lamar,0
2013-10-10,Penney,0,Lathrop,2
2013-10-10,Park Hill South,2,Lee's Summit West,0
2013-10-10,St. Paul Lutheran (Concordia),0,Lesterville,2
2013-10-10,New Heights Christian,2,Liberal,0
2013-10-10,Blue Springs South,0,Liberty,2
2013-10-10,Platte County,2,Liberty North,0
2013-10-10,Southwest Early College,1,Lincoln College Prep,2
2013-10-10,McAuley Catholic,0,Lockwood,2
2013-10-10,Kingsville,0,Lone Jack,2
2013-10-10,Trinity Catholic,2,Lutheran North,0
2013-10-10,Villa Duchesne,2,Lutheran South,0
2013-10-10,Gideon,1,Malden,2
2013-10-10,Central (Springfield),2,Marionville,0
2013-10-10,Francis Howell Central,0,Marquette,2
2013-10-10,Buffalo,2,Marshfield,0
2013-10-10,Benton,1,Maryville,2
2013-10-10,Midway,2,Miami (Amoret),0
2013-10-10,Lawson,2,Mid-Buchanan,0
2013-10-10,Aurora,2,Monett,0
2013-10-10,Winona,1,Mountain Grove,2
2013-10-10,Everton,2,Niangua,0
2013-10-10,Republic,2,Nixa,0
2013-10-10,Ladue Horton Watkins,2,Normandy Collaborative,0
2013-10-10,Belton,1,North Kansas City,2
2013-10-10,East Buchanan,1,North Platte,2
2013-10-10,Malta Bend,1,Northeast (Kansas City),2
2013-10-10,Sikeston,0,Notre Dame (Cape Girardeau),2
2013-10-10,Pleasant Hill,2,Oak Grove,0
2013-10-10,Hallsville,0,Osage,2
2013-10-10,Neosho,0,Ozark,2
2013-10-10,Webb City,1,Pacific,2
2013-10-10,Waynesville,2,Parkview,1
2013-10-10,Jasper,1,Pierce City,2
2013-10-10,Willow Springs,2,Plato,0
2013-10-10,Raytown,1,Raytown South,2
2013-10-10,Springfield Catholic,0,Reeds Spring,2
2013-10-10,Lexington,2,Richmond,0
2013-10-10,Lebanon,1,Rolla,2
2013-10-10,California,2,Sarcoxie,0
2013-10-10,La Monte,0,Sacred Heart,2
2013-10-10,Chillicothe,0,Savannah,2
2013-10-10,Meadow Heights,0,Saxony Lutheran,2
2013-10-10,Hume,2,Sheldon,0
2013-10-10,Tarkio,2,St. Clair,0
2013-10-10,Lutheran St. Charles,0,St. Dominic,2
2013-10-10,Springfield Catholic,0,St. Joseph's Academy,2
2013-10-10,New Haven,2,St. James,0
2013-10-10,Orrick,0,St. Paul Lutheran (Concordia),2
2013-10-10,O'Hara,1,St. Pius X (Kansas City),2
2013-10-10,Oak Park,1,Staley,2
2013-10-10,Potosi,0,Ste. Genevieve,2
2013-10-10,Grandview (Hillsboro),0,Warsaw,2
2013-10-10,Pleasant Hope,1,Stockton,2
2013-10-10,Eminence,1,Wright City,2
2013-10-10,Verona,2,Thomas Jefferson Independent Day,1
2013-10-10,Ruskin,0,St. Charles,2
2013-10-10,Visitation Academy,1,Ursuline Academy,2
2013-10-10,Bismarck,2,Valley,0
2013-10-10,Soldan International Studies,2,Waynesville,0
2013-10-10,Warrenton,2,Veritas Christian Academy,0
2013-10-10,Boonville,1,Versailles,1
2013-10-10,Savannah,2,Warrensburg,0
2013-10-10,Butler,2,Warsaw,0
2013-10-10,Malta Bend,2,Wentworth Military Academy,0
2013-10-10,Kingston,1,West County,2
2013-10-10,Glendale,2,West Plains,0
2013-10-10,Willard,2,Windsor,0
2013-10-10,Timberland,2,Winfield,0
2013-10-10,Seneca,0,Woodland,2
2013-10-10,Advance,2,Zalma,0
2013-10-11,Bell City,0,Advance,3
2013-10-11,McCluer,0,Bayless,2
2013-10-11,Clearwater,0,Bismarck,2
2013-10-11,Smithton,2,Calvary Lutheran,0
2013-10-11,Summersville,2,Campbell,0
2013-10-11,Lift for Life Academy Charter,0,Carnahan,2
2013-10-11,Conway,0,Dixon,2
2013-10-11,Parkway South,0,Eureka,2
2013-10-11,Puxico,2,Greenville,1
2013-10-11,Maplewood-Richmond Hts.,2,Hancock,0
2013-10-11,Cardinal Ritter,0,Hazelwood East,2
2013-10-11,Central (New Madrid County),2,Holcomb,0
2013-10-11,La Monte,0,Lutheran (Kansas City),2
2013-10-11,Ladue Horton Watkins,0,McCluer North,2
2013-10-11,Cor Jesu Academy,2,Mehlville,0
2013-10-11,Bowling Green,2,Montgomery County,0
2013-10-11,Valley Park,1,North Technical,2
2013-10-11,Bishop DuBourg,2,Notre Dame (St. Louis),0
2013-10-11,Marquand-Zion,0,Oak Ridge,2
2013-10-11,Bernie,2,Richland (Essex),0
2013-10-11,University City,0,Ritenour,2
2013-10-11,Notre Dame (Cape Girardeau),2,Saxony Lutheran,1
2013-10-11,Parkway West,0,Ursuline Academy,2
2013-10-12,Miller,0,Ash Grove,2
2013-10-12,Joplin,2,Ash Grove,0
2013-10-12,Lockwood,0,Ash Grove,2
2013-10-12,Webb City,0,Ash Grove,2
2013-10-12,Neosho,0,Ash Grove,2
2013-10-12,Carthage,2,Ash Grove,0
2013-10-12,Stockton,0,Aurora,2
2013-10-12,Hillcrest,0,Aurora,2
2013-10-12,Parkview,2,Aurora,0
2013-10-12,Winona,1,Aurora,2
2013-10-12,El Dorado Springs,2,Aurora,1
2013-10-12,Bolivar,1,Aurora,1
2013-10-12,Salem,0,Ava,2
2013-10-12,Liberty (Mountain View),2,Ava,0
2013-10-12,Winona,2,Ava,0
2013-10-12,Licking,2,Ava,0
2013-10-12,Bishop LeBlond,2,Benton,0
2013-10-12,Pembroke Hill,2,Benton,1
2013-10-12,Pembroke Hill,0,Bishop LeBlond,2
2013-10-12,Staley,0,Bishop LeBlond,2
2013-10-12,Willard,0,Blair Oaks,2
2013-10-12,Marshall,0,Blair Oaks,2
2013-10-12,Hallsville,0,Blair Oaks,2
2013-10-12,Smithton,0,Blair Oaks,2
2013-10-12,Versailles,0,Blair Oaks,2
2013-10-12,Stockton,0,Bolivar,2
2013-10-12,Marquand-Zion,0,Bourbon,2
2013-10-12,Parkview,0,Buffalo,2
2013-10-12,Winona,0,Buffalo,2
2013-10-12,Wright City,0,Buffalo,2
2013-10-12,El Dorado Springs,0,Buffalo,2
2013-10-12,Fair Grove,0,Buffalo,2
2013-10-12,Valley,2,Bunker,1
2013-10-12,Marquand-Zion,0,Bunker,2
2013-10-12,Hermann,2,Camdenton,0
2013-10-12,Glendale,2,Camdenton,0
2013-10-12,Republic,2,Camdenton,0
2013-10-12,Helias Catholic,2,Camdenton,0
2013-10-12,Penney,2,Cameron,0
2013-10-12,East Newton,0,Carthage,2
2013-10-12,Joplin,1,Carthage,1
2013-10-12,Logan-Rogersville,2,Carthage,0
2013-10-12,Webb City,0,Carthage,2
2013-10-12,New Heights Christian,0,Carthage,2
2013-10-12,University Academy Charter,1,Central (Kansas City),2
2013-10-12,Northeast (Kansas City),0,Central (Kansas City),2
2013-10-12,Lincoln College Prep,2,Central (Kansas City),0
2013-10-12,Benton,1,Central (St. Joseph),1
2013-10-12,Bishop LeBlond,2,Central (St. Joseph),0
2013-10-12,Pembroke Hill,2,Central (St. Joseph),0
2013-10-12,Sweet Springs,0,Concordia,2
2013-10-12,Orrick,0,Concordia,2
2013-10-12,St. Paul Lutheran (Concordia),2,Concordia,0
2013-10-12,Wellington-Napoleon,2,Concordia,1
2013-10-12,Lone Jack,0,Concordia,2
2013-10-12,Santa Fe,2,Concordia,1
2013-10-12,St. Paul Lutheran (Concordia),2,Crest Ridge,0
2013-10-12,Wellington-Napoleon,2,Crest Ridge,0
2013-10-12,Lone Jack,1,Crest Ridge,1
2013-10-12,Santa Fe,2,Crest Ridge,0
2013-10-12,El Dorado Springs,2,Diamond,0
2013-10-12,Osceola,1,Diamond,1
2013-10-12,Fair Grove,2,Diamond,0
2013-10-12,Father Tolton,2,Drexel,0
2013-10-12,Lincoln,0,Drexel,2
2013-10-12,Lakeland,0,Drexel,2
2013-10-12,New Heights Christian,1,East Newton,1
2013-10-12,Joplin,2,East Newton,0
2013-10-12,Osceola,2,El Dorado Springs,0
2013-10-12,Fair Grove,0,El Dorado Springs,2
2013-10-12,Willard,2,Eldon,0
2013-10-12,Marshall,2,Eldon,0
2013-10-12,Sarcoxie,0,Eldon,2
2013-10-12,Willow Springs,0,Eminence,2
2013-10-12,Mountain Grove,2,Eminence,0
2013-10-12,Houston,1,Eminence,1
2013-10-12,Osceola,0,Fair Grove,2
2013-10-12,Rock Bridge,2,Farmington,0
2013-10-12,Poplar Bluff,0,Farmington,2
2013-10-12,Helias Catholic,2,Francis Howell North,0
2013-10-12,Hermann,2,Francis Howell North,0
2013-10-12,Lebanon,1,Francis Howell North,2
2013-10-12,Timberland,2,Ft. Zumwalt South,0
2013-10-12,Hazelwood West,0,Ft. Zumwalt South,2
2013-10-12,McCluer,1,Ft. Zumwalt South,0
2013-10-12,Ritenour,2,Ft. Zumwalt South,0
2013-10-12,Smithton,0,Fulton,2
2013-10-12,Hallsville,1,Fulton,1
2013-10-12,Blair Oaks,2,Fulton,0
2013-10-12,Marshall,2,Fulton,1
2013-10-12,Miller Career Academy,1,Gateway,1
2013-10-12,Roosevelt,1,Gateway,1
2013-10-12,Carnahan,0,Gateway,2
2013-10-12,Soldan International Studies,2,Gateway,0
2013-10-12,West Plains,0,Gateway,2
2013-10-12,Hermann,0,Glendale,2
2013-10-12,Republic,1,Glendale,1
2013-10-12,Lebanon,0,Glendale,2
2013-10-12,Helias Catholic,1,Glendale,2
2013-10-12,Kingston,2,Grandview (Hillsboro),0
2013-10-12,Valley,2,Grandview (Hillsboro),0
2013-10-12,Smithton,0,Hallsville,2
2013-10-12,Westminster Christian Academy,0,Hannibal,2
2013-10-12,St. Charles West,1,Hazelwood Central,2
2013-10-12,Ft. Zumwalt East,2,Hazelwood Central,0
2013-10-12,Hazelwood West,2,Hazelwood Central,1
2013-10-12,Ritenour,2,Hazelwood Central,1
2013-10-12,Crossroads College Preparatory,2,Hazelwood East,0
2013-10-12,North Technical,2,Hazelwood East,0
2013-10-12,Timberland,2,Hazelwood West,0
2013-10-12,McCluer,0,Hazelwood West,2
2013-10-12,Republic,2,Hermann,0
2013-10-12,Helias Catholic,2,Hermann,0
2013-10-12,Stockton,0,Hillcrest,2
2013-10-12,Bolivar,2,Hillcrest,0
2013-10-12,Willow Springs,1,Houston,1
2013-10-12,Mountain Grove,1,Houston,1
2013-10-12,New Heights Christian,0,Joplin,2
2013-10-12,Logan-Rogersville,2,Joplin,0
2013-10-12,Lamar,0,Joplin,2
2013-10-12,Rock Bridge,1,Kickapoo,1
2013-10-12,Farmington,0,Kickapoo,2
2013-10-12,Poplar Bluff,0,Kickapoo,2
2013-10-12,Bourbon,1,Kingston,2
2013-10-12,West County,2,Kingston,1
2013-10-12,Malta Bend,0,Knob Noster,2
2013-10-12,Father Tolton,2,Knob Noster,0
2013-10-12,Lakeland,1,Knob Noster,1
2013-10-12,Sherwood,0,Knob Noster,2
2013-10-12,Benton,2,Lafayette (St. Joseph),1
2013-10-12,Pembroke Hill,1,Lafayette (St. Joseph),1
2013-10-12,Penney,0,Lafayette (St. Joseph),2
2013-10-12,Staley,1,Lafayette (St. Joseph),1
2013-10-12,Maryville,2,Lafayette (St. Joseph),0
2013-10-12,Malta Bend,0,Lakeland,2
2013-10-12,Sherwood,1,Lakeland,1
2013-10-12,Lockwood,0,Lamar,2
2013-10-12,Neosho,0,Lamar,2
2013-10-12,Logan-Rogersville,2,Lamar,0
2013-10-12,Helias Catholic,2,Lebanon,0
2013-10-12,Hannibal,2,Liberty,1
2013-10-12,Willard,0,Liberty,2
2013-10-12,Licking,1,Liberty (Mountain View),1
2013-10-12,Winona,2,Liberty (Mountain View),0
2013-10-12,Mountain Grove,2,Liberty (Mountain View),0
2013-10-12,Winona,2,Licking,0
2013-10-12,Father Tolton,2,Lincoln,0
2013-10-12,Malta Bend,1,Lincoln,2
2013-10-12,University Academy Charter,1,Lincoln College Prep,2
2013-10-12,Northeast (Kansas City),0,Lincoln College Prep,2
2013-10-12,Logan-Rogersville,2,Lockwood,0
2013-10-12,Neosho,1,Lockwood,1
2013-10-12,Neosho,0,Logan-Rogersville,2
2013-10-12,Miller,0,Logan-Rogersville,2
2013-10-12,Wellington-Napoleon,2,Lone Jack,0
2013-10-12,Santa Fe,2,Lone Jack,0
2013-10-12,Sherwood,1,Malta Bend,1
2013-10-12,Plato,0,Marionville,2
2013-10-12,Pleasant Hope,0,Marionville,2
2013-10-12,West County,2,Marquand-Zion,0
2013-10-12,Willard,1,Marshall,1
2013-10-12,Sarcoxie,0,Marshall,2
2013-10-12,Benton,0,Maryville,2
2013-10-12,Bishop LeBlond,2,Maryville,0
2013-10-12,Pembroke Hill,1,Maryville,1
2013-10-12,Staley,0,Maryville,2
2013-10-12,Timberland,2,McCluer,0
2013-10-12,Ft. Zumwalt East,2,McCluer,0
2013-10-12,Barat Academy,2,McCluer North,0
2013-10-12,Wright City,2,McCluer North,0
2013-10-12,Principia,0,McCluer North,2
2013-10-12,Valley Park,2,McCluer South-Berkeley,1
2013-10-12,Neosho,0,Miller,2
2013-10-12,Carnahan,1,Miller Career Academy,1
2013-10-12,Trenton,0,Mound City,2
2013-10-12,St. Joseph Christian,0,Mound City,2
2013-10-12,St. James,0,Mound City,2
2013-10-12,Willow Springs,0,Mountain Grove,2
2013-10-12,Winona,1,Mountain Grove,2
2013-10-12,St. James,2,North Platte,1
2013-10-12,University Academy Charter,2,Northeast (Kansas City),0
2013-10-12,Viburnum,0,Orchard Farm,2
2013-10-12,Sweet Springs,0,Orrick,2
2013-10-12,St. Paul Lutheran (Concordia),2,Orrick,0
2013-10-12,Wellington-Napoleon,2,Orrick,1
2013-10-12,Versailles,1,Osage,1
2013-10-12,California,0,Osage,2
2013-10-12,Warsaw,1,Osage,1
2013-10-12,Willard,0,Osage,2
2013-10-12,Hallsville,0,Osage,2
2013-10-12,Marshall,2,Osage,1
2013-10-12,Warrenton,1,Pacific,1
2013-10-12,Viburnum,0,Pacific,2
2013-10-12,Wright City,1,Parkview,1
2013-10-12,Winona,1,Parkview,1
2013-10-12,Bolivar,0,Parkview,2
2013-10-12,Staley,0,Pembroke Hill,2
2013-10-12,Pleasant Hill,2,Penney,0
2013-10-12,Pleasant Hope,2,Plato,0
2013-10-12,Rock Bridge,2,Poplar Bluff,0
2013-10-12,Barat Academy,2,Principia,0
2013-10-12,Timberland,2,Ritenour,0
2013-10-12,Ft. Zumwalt East,1,Ritenour,2
2013-10-12,Carnahan,2,Roosevelt,0
2013-10-12,West Plains,0,Roosevelt,2
2013-10-12,Willard,2,Sarcoxie,0
2013-10-12,Licking,2,Salem,0
2013-10-12,Liberty (Mountain View),2,Salem,0
2013-10-12,Winona,2,Salem,0
2013-10-12,St. Paul Lutheran (Concordia),0,Santa Fe,2
2013-10-12,Wellington-Napoleon,0,Santa Fe,2
2013-10-12,Sweet Springs,0,Santa Fe,1
2013-10-12,Waynesville,1,Soldan International Studies,1
2013-10-12,St. Joseph Christian,0,St. James,2
2013-10-12,Ft. Zumwalt East,1,St. Charles West,2
2013-10-12,Ritenour,2,St. Charles West,1
2013-10-12,Timberland,2,St. Charles West,0
2013-10-12,Viburnum,1,St. Clair,1
2013-10-12,Pacific,2,St. Clair,0
2013-10-12,Warrenton,2,St. Clair,0
2013-10-12,Orchard Farm,0,St. Clair,2
2013-10-12,St. James,0,St. Clair,2
2013-10-12,Orchard Farm,1,St. James,1
2013-10-12,Tarkio,2,St. James,0
2013-10-12,Webb City,2,St. James,0
2013-10-12,Grandview,2,Warsaw,1
2013-10-12,Bourbon,1,Warsaw,2
2013-10-12,Bunker,0,Warsaw,2
2013-10-12,California,0,Willard,2
2013-10-12,Wright City,1,Winona,1
2013-10-12,Orchard Farm,1,Webb City,1
2013-10-12,Warrenton,0,Webb City,2
2013-10-12,Pacific,0,Webb City,2
2013-10-12,Carnahan,1,West Plains,1
2013-10-12,Miller,2,West Plains,0
2013-10-12,St. Paul Lutheran (Concordia),2,Sweet Springs,0
2013-10-12,St. James,2,Trenton,0
2013-10-12,St. Joseph Christian,2,Trenton,1
2013-10-12,Orchard Farm,0,Tarkio,2
2013-10-12,Warrenton,2,Tarkio,1
2013-10-12,Webb City,1,Tarkio,1
2013-10-12,West County,2,Valley,0
2013-10-12,Veritas Christian Academy,2,Valley Park,0
2013-10-12,College Preparatory,1,Waynesville,1
2013-10-12,Warsaw,1,Versailles,1
2013-10-12,California,2,Versailles,0
2013-10-12,Warrenton,2,Viburnum,0
2013-10-12,California,2,Warsaw,0
2013-10-12,Miller,0,Webb City,2
2013-10-12,Neosho,0,Webb City,2
2013-10-12,St. Paul Lutheran (Concordia),2,Wellington-Napoleon,1
2013-10-12,Eminence,0,Willard,2
2013-10-12,Willow Springs,0,Willard,2
2013-10-12,Mountain Grove,1,Willard,1
2013-10-12,Houston,0,Willard,2
2013-10-12,Winona,2,Willard,1
2013-10-12,Liberty (Mountain View),2,Willard,0
2013-10-12,Barat Academy,2,Wright City,0
2013-10-12,Principia,1,Wright City,2
2013-10-13,College Preparatory,0,Soldan International Studies,2
2013-10-14,Stockton,0,Ash Grove,2
2013-10-14,Sheldon,0,Ballard,2
2013-10-14,Woodland,2,Bell City,0
2013-10-14,St. James,1,Belle,2
2013-10-14,Blue Eye,0,Billings,2
2013-10-14,Eminence,2,Cabool,1
2013-10-14,Bayless,2,Cardinal Ritter,0
2013-10-14,Lee's Summit North,2,Central (St. Joseph),0
2013-10-14,Montgomery County,3,Chamois,0
2013-10-14,Penney,0,Chillicothe,2
2013-10-14,Risco,0,Clarkton,2
2013-10-14,Greenville,0,Clearwater,2
2013-10-14,West Plains,0,Cleveland NJROTC,2
2013-10-14,Aurora,2,Clever,1
2013-10-14,Windsor,0,Concordia,2
2013-10-14,Sweet Springs,0,Cooter,2
2013-10-14,Southwest Early College,0,Cristo Rey,2
2013-10-14,Barat Academy,2,Crossroads College Preparatory,0
2013-10-14,North Pemiscot,2,Delta (Deering),1
2013-10-14,Richland (Essex),0,Dexter,2
2013-10-14,Springfield Catholic,0,Duchesne,2
2013-10-14,Skyline,0,El Dorado Springs,2
2013-10-14,Chadwick,1,Exeter,2
2013-10-14,Central (Cape Girardeau),0,Farmington,2
2013-10-14,Marquette,1,Francis Howell,2
2013-10-14,Pacific,1,Ft. Zumwalt North,2
2013-10-14,School of the Ozarks,2,Galena,0
2013-10-14,Odessa,0,Grain Valley,2
2013-10-14,Kirksville,0,Hallsville,0
2013-10-14,Ft. Zumwalt West,2,Hazelwood West,0
2013-10-14,Lincoln College Prep,2,Hogan Prep Academy Charter,0
2013-10-14,Lexington,0,Holden,2
2013-10-14,McDonald County,0,Jasper,2
2013-10-14,Wentworth Military Academy,0,Kingsville,2
2013-10-14,Northeast Vernon County,0,Lakeland,2
2013-10-14,Oak Ridge,0,Leopold,2
2013-10-14,Licking,0,Liberty (Mountain View),2
2013-10-14,Northeast (Kansas City),0,Lincoln College Prep,2
2013-10-14,Sarcoxie,0,Linn,2
2013-10-14,La Monte,2,Malta Bend,0
2013-10-14,McCluer,0,Maplewood-Richmond Hts.,2
2013-10-14,Plattsburg,0,Maryville,2
2013-10-14,Roosevelt,0,McCluer South-Berkeley,2
2013-10-14,Warrenton,2,Mexico,1
2013-10-14,Carl Junction,2,Neosho,0
2013-10-14,Mid-Buchanan,2,Nodaway-Holt,1
2013-10-14,Hazelwood East,1,Normandy Collaborative,0
2013-10-14,West Platte,1,North Platte,2
2013-10-14,Lafayette (Wildwood),2,Northwest (Cedar Hill),0
2013-10-14,Excelsior Springs,2,Oak Grove,0
2013-10-14,Blair Oaks,2,Owensville,0
2013-10-14,Raytown,0,Park Hill,2
2013-10-14,Ursuline Academy,2,Parkway South,0
2013-10-14,St. Charles,0,Pattonville,2
2013-10-14,Whitfield,0,Principia,2
2013-10-14,Central (Springfield),2,Republic,1
2013-10-14,Plato,0,Salem,2
2013-10-14,Northwest (Hughesville),0,Santa Fe,2
2013-10-14,Lafayette (St. Joseph),0,Savannah,2
2013-10-14,Marquand-Zion,0,Saxony Lutheran,3
2013-10-14,Zalma,0,Seneca,2
2013-10-14,Butler,2,Sherwood,1
2013-10-14,Chilhowee,0,Smithton,2
2013-10-14,Platte County,2,Sparta,0
2013-10-14,Southwest Early College,2,Southeast,0
2013-10-14,Purdy,0,Spokane,2
2013-10-14,Cuba,0,Warsaw,2
2013-10-14,Lutheran (Kansas City),2,Summit Christian Academy,0
2013-10-14,Doniphan,2,Thayer,0
2013-10-14,Notre Dame de Sion,2,University Academy Charter,0
2013-10-14,South Iron,3,Valley,0
2013-10-14,Lutheran St. Charles,2,Veritas Christian Academy,0
2013-10-14,Warsaw,1,Versailles,2
2013-10-14,St. Joseph's Academy,1,Visitation Academy,0
2013-10-14,Hermann,2,Washington,0
2013-10-14,Crystal City,0,West County,2
2013-10-14,Affton,0,Windsor (Imperial),2
2013-10-14,Houston,0,Winona,2
2013-10-14,Winfield,2,Wright City,0
2013-10-15,Rich Hill,0,Adrian,2
2013-10-15,Puxico,0,Advance,2
2013-10-15,Lamar,0,Aurora,2
2013-10-15,Mountain Grove,2,Ava,0
2013-10-15,Linn,2,Belle,0
2013-10-15,Bloomfield,0,Bernie,2
2013-10-15,Verona,0,Billings,2
2013-10-15,Affton,0,Bishop DuBourg,2
2013-10-15,West County,0,Bismarck,2
2013-10-15,Battle,0,Blair Oaks,2
2013-10-15,Warsaw,2,Bourbon,0
2013-10-15,Hancock,0,Brentwood,2
2013-10-15,Bolivar,0,Buffalo,2
2013-10-15,Waynesville,2,Camdenton,1
2013-10-15,Knob Noster,2,Carrollton,1
2013-10-15,Branson,0,Carthage,2
2013-10-15,Summersville,2,Caruthersville,0
2013-10-15,Mt. Vernon,2,Cassville,0
2013-10-15,O'Hara,2,Center,0
2013-10-15,Notre Dame (Cape Girardeau),2,Central (Cape Girardeau),0
2013-10-15,Charleston,0,Central (New Madrid County),2
2013-10-15,Oran,1,Central (New Madrid County),1
2013-10-15,Kennett,1,Central (New Madrid County),1
2013-10-15,Potosi,0,Central (Park Hills),2
2013-10-15,Everton,2,Chadwick,0
2013-10-15,Kennett,2,Charleston,0
2013-10-15,Oran,1,Charleston,1
2013-10-15,Cooter,0,Clarkton,2
2013-10-15,St. Clair,0,Clearwater,2
2013-10-15,College Preparatory,2,Cleveland NJROTC,0
2013-10-15,Versailles,1,Clinton,2
2013-10-15,Lafayette (Wildwood),2,Cor Jesu Academy,0
2013-10-15,Lone Jack,2,Crest Ridge,0
2013-10-15,Northeast (Kansas City),0,Cristo Rey,2
2013-10-15,Dixon,1,Cuba,2
2013-10-15,Osceola,2,Drexel,0
2013-10-15,Plattsburg,2,East Buchanan,1
2013-10-15,Eminence,2,Ellington,0
2013-10-15,Calvary Lutheran,2,Eugene,0
2013-10-15,California,0,Fatima,2
2013-10-15,Spokane,1,Fordland,1
2013-10-15,Bradleyville,0,Forsyth,2
2013-10-15,Francis Howell North,2,Francis Howell Central,1
2013-10-15,Holt,0,Ft. Zumwalt East,2
2013-10-15,Washington,2,Ft. Zumwalt South,1
2013-10-15,Timberland,2,Ft. Zumwalt West,0
2013-10-15,Eldon,0,Fulton,2
2013-10-15,Carnahan,1,Gateway,2
2013-10-15,North Pemiscot,0,Gideon,2
2013-10-15,Diamond,2,Golden City,0
2013-10-15,Sarcoxie,0,Greenfield,2
2013-10-15,Malden,2,Hayti,0
2013-10-15,Rolla,2,Hillcrest,0
2013-10-15,Portageville,2,Holcomb,0
2013-10-15,Northeast Vernon County,0,Hume,2
2013-10-15,Galena,1,Hurley,2
2013-10-15,Lutheran North,2,Jennings,0
2013-10-15,Blue Springs,2,Kearney,1
2013-10-15,Joplin,0,Kickapoo,2
2013-10-15,Arcadia Valley,2,Kingston,0
2013-10-15,Oakville,0,Kirkwood,2
2013-10-15,Lincoln,0,La Monte,2
2013-10-15,Richmond,0,Lafayette County,2
2013-10-15,Glendale,2,Lebanon,1
2013-10-15,Liberty,2,Lee's Summit,0
2013-10-15,Concordia,2,Lexington,1
2013-10-15,Cabool,0,Liberty (Mountain View),2
2013-10-15,Raytown South,0,Liberty North,2
2013-10-15,Marshfield,0,Logan-Rogersville,2
2013-10-15,John Burroughs,0,Lutheran South,2
2013-10-15,Boonville,1,Marshall,2
2013-10-15,Exeter,1,McAuley Catholic,2
2013-10-15,McCluer North,2,McCluer South-Berkeley,0
2013-10-15,Archie,2,Miami (Amoret),1
2013-10-15,Ladue Horton Watkins,0,MICDS,2
2013-10-15,North Platte,2,Mid-Buchanan,0
2013-10-15,Jasper,2,Miller,0
2013-10-15,East Newton,2,Monett,0
2013-10-15,Nixa,2,Neosho,0
2013-10-15,Springfield Catholic,0,Nerinx Hall,2
2013-10-15,Pacific,1,New Haven,2
2013-10-15,Farmington,2,North County,1
2013-10-15,Barat Academy,0,Northwest (Cedar Hill),2
2013-10-15,Fort Osage,0,Oak Park,2
2013-10-15,Kennett,1,Oran,1
2013-10-15,St. Charles,0,Orchard Farm,2
2013-10-15,Lutheran (Kansas City),2,Orrick,0
2013-10-15,Tarkio,0,Owensville,2
2013-10-15,Republic,0,Ozark,2
2013-10-15,Park Hill,0,Park Hill South,2
2013-10-15,West Plains,0,Parkview,2
2013-10-15,Fox,0,Parkway North,2
2013-10-15,Lincoln College Prep,0,Pembroke Hill,2
2013-10-15,Liberal,1,Pierce City,2
2013-10-15,Central (St. Joseph),0,Platte County,2
2013-10-15,Harrisonville,0,Pleasant Hill,2
2013-10-15,Summersville,2,Portageville,0
2013-10-15,New Heights Christian,2,Purdy,0
2013-10-15,Blue Springs South,2,Raymore-Peculiar,0
2013-10-15,William Chrisman,2,Raytown,1
2013-10-15,Windsor,0,Sacred Heart,2
2013-10-15,Willow Springs,2,Salem,0
2013-10-15,Niangua,0,School of the Ozarks,2
2013-10-15,Jefferson (Festus),2,Seckman,0
2013-10-15,Campbell,2,Senath-Hornersville,1
2013-10-15,Wheaton,1,Seneca,2
2013-10-15,Charleston,1,Sikeston,1
2013-10-15,Kennett,2,Sikeston,0
2013-10-15,Oran,2,Sikeston,0
2013-10-15,Central (New Madrid County),2,Sikeston,0
2013-10-15,Lakeland,2,Skyline,1
2013-10-15,Jefferson City,2,Savannah,0
2013-10-15,Tipton,1,Smithton,2
2013-10-15,Hollister,1,Springfield Catholic,2
2013-10-15,Warrenton,0,St. Charles West,2
2013-10-15,St. James,0,St. Clair,2
2013-10-15,St. Dominic,0,St. Joseph's Academy,2
2013-10-15,Wellington-Napoleon,0,St. Paul Lutheran (Concordia),2
2013-10-15,Crystal City,0,St. Pius X (Festus),2
2013-10-15,Warrensburg,0,St. Pius X (Kansas City),2
2013-10-15,Festus,2,St. Vincent,0
2013-10-15,Belton,0,Staley,2
2013-10-15,Fredericktown,0,Ste. Genevieve,2
2013-10-15,Cole Camp,2,Willard,0
2013-10-15,Hermann,2,Webb City,0
2013-10-15,Barstow,2,Sweet Springs,0
2013-10-15,Francis Howell,2,Troy Buchanan,0
2013-10-15,Lee's Summit West,2,St. Charles,0
2013-10-15,Valley,0,Valle Catholic,3
2013-10-15,Crossroads College Preparatory,2,Valley Park,0
2013-10-15,Roosevelt,0,Waynesville,2
2013-10-15,Southern Boone,2,Warsaw,0
2013-10-15,Incarnate Word Academy,1,Westminster Christian Academy,2
2013-10-15,Webb City,1,Willard,2
2013-10-15,Montgomery County,0,Winfield,2
2013-10-15,Grandview,0,Winnetonka,2
2013-10-15,Poplar Bluff,0,Winona,2
2013-10-15,Father Tolton,1,Wright City,2
2013-10-16,Hume,2,Bronaugh,0
2013-10-16,John F. Kennedy,2,Cardinal Ritter,0
2013-10-16,O'Hara,2,Center,0
2013-10-16,Versailles,2,Cristo Rey,0
2013-10-16,Veritas Christian Academy,0,Duchesne,2
2013-10-16,Washington,1,Eureka,2
2013-10-16,Hazelwood West,2,Hazelwood East,0
2013-10-16,Seneca,0,Jackson,2
2013-10-16,Maplewood-Richmond Hts.,0,John Burroughs,2
2013-10-16,Whitfield,0,Lutheran North,2
2013-10-16,Trinity Catholic,0,Lutheran St. Charles,2
2013-10-16,Campbell,1,Malden,2
2013-10-16,Summersville,0,Malden,2
2013-10-16,Meadow Heights,2,Marquand-Zion,0
2013-10-16,Ritenour,2,McCluer,0
2013-10-16,Riverview Gardens,0,McCluer North,2
2013-10-16,Lindbergh,0,Nerinx Hall,2
2013-10-16,Zalma,0,Oak Ridge,2
2013-10-16,Oak Grove,1,Odessa,2
2013-10-16,Parkway Central,0,Parkway West,2
2013-10-16,Nodaway-Holt,0,Plattsburg,2
2013-10-16,Summersville,2,Portageville,0
2013-10-16,Battle,0,Rock Bridge,2
2013-10-16,Father Tolton,1,Southern Boone,2
2013-10-16,North Kansas City,1,Staley,2
2013-10-16,Central (Park Hills),0,Ste. Genevieve,2
2013-10-16,Lone Jack,0,Sweet Springs,2
2013-10-16,Ft. Zumwalt North,0,Timberland,2
2013-10-16,University City,0,Webster Groves,2
2013-10-16,Bismarck,2,Windsor (Imperial),0
2013-10-17,Archie,0,Adrian,2
2013-10-17,Dexter,2,Advance,0
2013-10-17,Willow Springs,0,Ava,2
2013-10-17,Hogan Prep Academy Charter,0,Barstow,2
2013-10-17,Warsaw,2,Belle,0
2013-10-17,Lafayette (St. Joseph),2,Benton,1
2013-10-17,Woodland,1,Bernie,2
2013-10-17,St. Joseph's Academy,2,Bishop DuBourg,0
2013-10-17,Cameron,0,Bishop LeBlond,2
2013-10-17,Arcadia Valley,0,Bismarck,2
2013-10-17,Blue Springs South,2,Blue Springs,0
2013-10-17,Kirksville,0,Boonville,2
2013-10-17,Neosho,0,Branson,2
2013-10-17,Osage,0,California,2
2013-10-17,Lebanon,2,Camdenton,1
2013-10-17,Monett,0,Carl Junction,2
2013-10-17,Oran,0,Central (New Madrid County),2
2013-10-17,Eugene,0,Centralia,2
2013-10-17,Gideon,2,Clarkton,0
2013-10-17,Union,1,Crane,2
2013-10-17,St. Paul Lutheran (Concordia),2,Crest Ridge,0
2013-10-17,Bourbon,0,Dixon,2
2013-10-17,Central (Kansas City),2,East (Kansas City),0
2013-10-17,Lathrop,0,East Buchanan,2
2013-10-17,Poplar Bluff,2,Eminence,0
2013-10-17,Bradleyville,0,Everton,2
2013-10-17,Harrisonville,1,Excelsior Springs,2
2013-10-17,Hurley,1,Forsyth,2
2013-10-17,Belton,2,Fort Osage,1
2013-10-17,St. Dominic,2,Francis Howell Central,1
2013-10-17,Farmington,2,Fredericktown,0
2013-10-17,Orchard Farm,0,Ft. Zumwalt North,2
2013-10-17,Ft. Zumwalt South,0,Ft. Zumwalt West,2
2013-10-17,Blue Eye,2,Galena,0
2013-10-17,Sarcoxie,2,Golden City,1
2013-10-17,Pleasant Hill,2,Grain Valley,1
2013-10-17,Raytown South,1,Grandview,2
2013-10-17,Oak Ridge,1,Greenville,2
2013-10-17,Fulton,0,Hannibal,2
2013-10-17,Tarkio,0,Hermann,2
2013-10-17,Lafayette County,1,Holden,2
2013-10-17,Logan-Rogersville,2,Hollister,0
2013-10-17,Winfield,0,Holt,2
2013-10-17,Cor Jesu Academy,1,Incarnate Word Academy,1
2013-10-17,Saxony Lutheran,0,Jackson,2
2013-10-17,Diamond,0,Jasper,2
2013-10-17,Lift for Life Academy Charter,0,Jennings,2
2013-10-17,Parkview,0,Joplin,2
2013-10-17,Liberty North,0,Kearney,2
2013-10-17,Glendale,0,Kickapoo,2
2013-10-17,Valle Catholic,2,Kingston,0
2013-10-17,Lutheran North,0,Ladue Horton Watkins,2
2013-10-17,Cassville,2,Lamar,1
2013-10-17,Meadow Heights,0,Leopold,2
2013-10-17,Knob Noster,2,Lexington,1
2013-10-17,Raymore-Peculiar,0,Liberty,2
2013-10-17,Houston,0,Liberty (Mountain View),2
2013-10-17,Windsor,2,Lincoln,1
2013-10-17,Chamois,0,Linn,2
2013-10-17,Summersville,0,Malden,2
2013-10-17,Chillicothe,0,Maryville,2
2013-10-17,Fox,1,Mehlville,2
2013-10-17,Marshall,2,Mexico,1
2013-10-17,Calvary Lutheran,2,Montgomery County,1
2013-10-17,Cabool,0,Mountain Grove,2
2013-10-17,Seneca,0,Mt. Vernon,2
2013-10-17,McDonald County,0,Nevada,2
2013-10-17,St. Clair,0,New Haven,2
2013-10-17,Carthage,1,Nixa,2
2013-10-17,Potosi,0,North County,2
2013-10-17,Raytown,1,North Kansas City,2
2013-10-17,Plattsburg,2,North Platte,1
2013-10-17,Festus,0,Notre Dame (Cape Girardeau),2
2013-10-17,MICDS,2,Notre Dame (St. Louis),0
2013-10-17,Miami (Amoret),0,Osceola,2
2013-10-17,Kirkwood,2,Parkway Central,0
2013-10-17,Lafayette (Wildwood),2,Parkway South,0
2013-10-17,Parkway North,0,Parkway West,2
2013-10-17,Mid-Buchanan,2,Penney,0
2013-10-17,St. Vincent,0,Perryville,2
2013-10-17,Clayton,0,Principia,2
2013-10-17,Southwest (Washburn),2,Purdy,0
2013-10-17,Bolivar,0,Reeds Spring,2
2013-10-17,Willard,0,Republic,2
2013-10-17,Midway,1,Rich Hill,1
2013-10-17,Carrollton,2,Richmond,0
2013-10-17,Blair Oaks,0,Rock Bridge,2
2013-10-17,Seckman,2,Rockwood Summit,1
2013-10-17,Waynesville,0,Rolla,2
2013-10-17,Eldon,2,Sarcoxie,0
2013-10-17,Willard,1,Sacred Heart,2
2013-10-17,Thayer,0,Salem,2
2013-10-17,Concordia,0,Santa Fe,2
2013-10-17,Bronaugh,2,Sheldon,0
2013-10-17,Lutheran (Kansas City),2,Sherwood,0
2013-10-17,Charleston,0,Sikeston,2
2013-10-17,Kennett,1,Sikeston,2
2013-10-17,Central (New Madrid County),2,Sikeston,0
2013-10-17,St. Pius X (Kansas City),2,Savannah,0
2013-10-17,Cole Camp,2,Smithton,0
2013-10-17,Savannah,2,Sparta,1
2013-10-17,Nodaway-Holt,0,St. James,2
2013-10-17,Ellington,0,South Iron,2
2013-10-17,Hallsville,0,Southern Boone,2
2013-10-17,Billings,0,Spokane,2
2013-10-17,Marshfield,2,Springfield Catholic,1
2013-10-17,Central (Park Hills),0,Ste. Genevieve,2
2013-10-17,El Dorado Springs,2,Stockton,0
2013-10-17,Owensville,2,Webb City,0
2013-10-17,Winona,2,Wright City,0
2013-10-17,Northwest (Hughesville),2,Tipton,0
2013-10-17,Park Hill,0,St. Charles,2
2013-10-17,Whitfield,0,Ursuline Academy,2
2013-10-17,Hancock,2,Valley Park,0
2013-10-17,McAuley Catholic,0,Verona,2
2013-10-17,Westminster Christian Academy,0,Villa Duchesne,2
2013-10-17,Clinton,0,Warrensburg,2
2013-10-17,Ozark,2,Webb City,0
2013-10-17,Wentworth Military Academy,0,Wellington-Napoleon,2
2013-10-17,Valley,0,West County,2
2013-10-17,Hillcrest,1,West Plains,2
2013-10-17,Lutheran South,1,Windsor (Imperial),2
2013-10-17,Bowling Green,0,Wright City,2
2013-10-18,Woodland,1,Advance,2
2013-10-18,Niangua,1,Chadwick,1
2013-10-18,Bernie,1,Dexter,2
2013-10-18,Lindbergh,0,Eureka,2
2013-10-18,Leopold,2,Greenville,0
2013-10-18,Bayless,2,Hancock,0
2013-10-18,Whitfield,0,John F. Kennedy,2
2013-10-18,Lutheran North,0,Ladue Horton Watkins,2
2013-10-18,Oak Ridge,2,Meadow Heights,0
2013-10-18,St. Charles West,2,Pattonville,0
2013-10-18,Ft. Zumwalt East,2,St. Charles,0
2013-10-18,Brentwood,2,Valley Park,0
2013-10-18,Exeter,0,Wheaton,2
2013-10-19,Rich Hill,0,Adrian,2
2013-10-19,Osceola,2,Adrian,0
2013-10-19,Drexel,0,Adrian,2
2013-10-19,Midway,2,Archie,0
2013-10-19,Rich Hill,2,Archie,0
2013-10-19,Bronaugh,0,Ballard,2
2013-10-19,Hume,2,Ballard,0
2013-10-19,Calvary Lutheran,0,Belle,2
2013-10-19,Montgomery County,1,Belle,1
2013-10-19,Father Tolton,0,Belle,2
2013-10-19,Raytown South,0,Belton,2
2013-10-19,Odessa,0,Belton,2
2013-10-19,Nevada,2,Belton,1
2013-10-19,Harrisonville,0,Belton,2
2013-10-19,Dixon,1,Blair Oaks,1
2013-10-19,Eldon,0,Blair Oaks,2
2013-10-19,Crane,2,Blue Eye,0
2013-10-19,Galena,0,Blue Eye,2
2013-10-19,Oak Park,0,Blue Springs South,2
2013-10-19,Winnetonka,0,Blue Springs South,2
2013-10-19,Lincoln College Prep,0,Blue Springs South,2
2013-10-19,Kearney,1,Blue Springs South,1
2013-10-19,Staley,2,Blue Springs South,0
2013-10-19,Helias Catholic,2,Bolivar,0
2013-10-19,Winona,2,Bolivar,0
2013-10-19,Dixon,2,Boonville,0
2013-10-19,Blair Oaks,2,Boonville,0
2013-10-19,Mexico,0,Boonville,2
2013-10-19,Sheldon,0,Bronaugh,2
2013-10-19,Northeast Vernon County,0,Bronaugh,2
2013-10-19,Excelsior Springs,2,Cameron,1
2013-10-19,Grain Valley,2,Cameron,0
2013-10-19,Visitation Academy,2,Cameron,0
2013-10-19,Republic,0,Carl Junction,2
2013-10-19,Ozark,2,Carl Junction,0
2013-10-19,Winona,0,Carl Junction,2
2013-10-19,Oakville,0,Carl Junction,2
2013-10-19,Kirkwood,1,Carl Junction,2
2013-10-19,Southwest (Washburn),2,Chadwick,0
2013-10-19,Union,2,Chadwick,0
2013-10-19,Miller,2,Chadwick,0
2013-10-19,New Heights Christian,0,Clever,2
2013-10-19,Cole Camp,2,Clinton,0
2013-10-19,Pleasant Hill,2,Clinton,0
2013-10-19,Liberty North,2,Clinton,0
2013-10-19,St. Paul Lutheran (Concordia),2,Clinton,0
2013-10-19,Excelsior Springs,2,Cole Camp,0
2013-10-19,Liberty North,2,Cole Camp,0
2013-10-19,Pleasant Hill,2,Cole Camp,0
2013-10-19,Lathrop,0,Concordia,2
2013-10-19,Galena,0,Crane,2
2013-10-19,Southwest (Washburn),2,Crane,1
2013-10-19,Lutheran South,1,DeSoto,1
2013-10-19,Notre Dame (Cape Girardeau),2,DeSoto,1
2013-10-19,Jefferson (Festus),0,DeSoto,2
2013-10-19,Farmington,1,DeSoto,2
2013-10-19,Versailles,0,Dixon,2
2013-10-19,Midway,2,Drexel,1
2013-10-19,Wheaton,0,East Newton,2
2013-10-19,Purdy,0,East Newton,2
2013-10-19,Clever,2,East Newton,0
2013-10-19,New Heights Christian,0,East Newton,2
2013-10-19,Versailles,2,Eldon,0
2013-10-19,Calvary Lutheran,1,Eugene,1
2013-10-19,Tipton,0,Eugene,2
2013-10-19,Montgomery County,0,Eugene,2
2013-10-19,St. Paul Lutheran (Concordia),2,Excelsior Springs,0
2013-10-19,St. Pius X (Kansas City),2,Excelsior Springs,0
2013-10-19,Notre Dame (Cape Girardeau),2,Farmington,0
2013-10-19,Lutheran South,2,Farmington,0
2013-10-19,Seckman,0,Farmington,2
2013-10-19,Jefferson (Festus),2,Farmington,0
2013-10-19,Green Ridge,1,Farmington,1
2013-10-19,Excelsior Springs,0,Fatima,2
2013-10-19,St. Paul Lutheran (Concordia),0,Fatima,2
2013-10-19,St. Pius X (Kansas City),1,Fatima,1
2013-10-19,Pleasant Hill,2,Fatima,0
2013-10-19,Northwest (Cedar Hill),1,Festus,1
2013-10-19,Summit Christian Academy,2,Festus,0
2013-10-19,Hillsboro,0,Festus,2
2013-10-19,Blue Eye,0,Forsyth,2
2013-10-19,Galena,0,Forsyth,2
2013-10-19,Crane,0,Forsyth,2
2013-10-19,Union,2,Forsyth,0
2013-10-19,Bolivar,0,Glendale,2
2013-10-19,Kirkwood,2,Glendale,0
2013-10-19,Helias Catholic,2,Glendale,0
2013-10-19,Webster Groves,0,Glendale,2
2013-10-19,St. Pius X (Kansas City),2,Grain Valley,1
2013-10-19,Sparta,1,Grain Valley,2
2013-10-19,Visitation Academy,1,Grain Valley,1
2013-10-19,Grain Valley,2,Grandview,0
2013-10-19,Visitation Academy,2,Grandview,0
2013-10-19,Cameron,1,Grandview,1
2013-10-19,Notre Dame (Cape Girardeau),2,Green Ridge,0
2013-10-19,Nevada,1,Harrisonville,1
2013-10-19,Hillcrest,0,Harrisonville,2
2013-10-19,East (Kansas City),0,Harrisonville,2
2013-10-19,Raytown South,0,Harrisonville,2
2013-10-19,Springfield Catholic,0,Helias Catholic,2
2013-10-19,Nevada,2,Hillcrest,0
2013-10-19,Odessa,0,Hillcrest,2
2013-10-19,Summit Christian Academy,2,Hillsboro,0
2013-10-19,Northwest (Cedar Hill),2,Hillsboro,0
2013-10-19,Oak Grove,1,Holden,2
2013-10-19,Sparta,2,Holden,1
2013-10-19,Visitation Academy,2,Holden,0
2013-10-19,Northeast Vernon County,0,Hume,2
2013-10-19,Notre Dame de Sion,2,Incarnate Word Academy,1
2013-10-19,Helias Catholic,0,Kirkwood,2
2013-10-19,Bolivar,0,Kirkwood,2
2013-10-19,Republic,2,Kirkwood,0
2013-10-19,Lathrop,0,Lafayette County,2
2013-10-19,Concordia,0,Lafayette County,2
2013-10-19,Lawson,0,Lafayette County,2
2013-10-19,Raytown,1,Lafayette County,2
2013-10-19,Lathrop,2,Lawson,0
2013-10-19,Concordia,2,Lawson,0
2013-10-19,Park Hill,2,Lee's Summit North,0
2013-10-19,St. Charles,1,Lee's Summit North,1
2013-10-19,Lee's Summit West,2,Lee's Summit North,0
2013-10-19,Fort Osage,0,Lee's Summit North,2
2013-10-19,Raymore-Peculiar,0,Lee's Summit North,2
2013-10-19,St. Charles,0,Lee's Summit West,2
2013-10-19,North Kansas City,0,Lee's Summit West,2
2013-10-19,Liberty,1,Lee's Summit West,1
2013-10-19,Platte County,1,Lee's Summit West,2
2013-10-19,Kearney,0,Lee's Summit West,2
2013-10-19,Park Hill South,0,Lee's Summit West,2
2013-10-19,Raytown,2,Lexington,0
2013-10-19,Savannah,2,Lexington,0
2013-10-19,Richmond,0,Lexington,2
2013-10-19,Concordia,2,Lexington,0
2013-10-19,North Kansas City,0,Liberty,1
2013-10-19,Platte County,2,Liberty,1
2013-10-19,St. Charles,0,Liberty,2
2013-10-19,Oak Park,2,Lincoln College Prep,0
2013-10-19,Winnetonka,2,Lincoln College Prep,0
2013-10-19,Kearney,2,Lincoln College Prep,0
2013-10-19,Jefferson (Festus),2,Lutheran South,0
2013-10-19,Lee's Summit West,2,Marquette,0
2013-10-19,St. Charles,0,Marquette,2
2013-10-19,North Kansas City,0,Marquette,2
2013-10-19,Liberty,2,Marquette,0
2013-10-19,Park Hill,0,Marquette,2
2013-10-19,Park Hill South,2,Marquette,0
2013-10-19,Seneca,0,McDonald County,2
2013-10-19,Purdy,0,McDonald County,2
2013-10-19,Clever,0,McDonald County,2
2013-10-19,Dixon,2,Mexico,0
2013-10-19,Blair Oaks,2,Mexico,0
2013-10-19,Rolla,2,Mexico,0
2013-10-19,Osceola,2,Miami (Amoret),0
2013-10-19,Rich Hill,2,Miami (Amoret),0
2013-10-19,Osceola,0,Midway,2
2013-10-19,Southwest (Washburn),2,Miller,0
2013-10-19,Union,2,Miller,0
2013-10-19,Father Tolton,0,Montgomery County,2
2013-10-19,East (Kansas City),0,Nevada,2
2013-10-19,Sheldon,1,Northeast Vernon County,2
2013-10-19,Notre Dame (Cape Girardeau),2,Northwest (Cedar Hill),1
2013-10-19,Jefferson (Festus),1,Northwest (Cedar Hill),2
2013-10-19,Summit Christian Academy,1,Northwest (Cedar Hill),1
2013-10-19,Villa Duchesne,2,Notre Dame de Sion,1
2013-10-19,Sparta,3,Oak Grove,0
2013-10-19,St. Paul Lutheran (Concordia),2,Oak Grove,0
2013-10-19,Grandview,1,Oak Grove,2
2013-10-19,Kearney,2,Oak Park,0
2013-10-19,Winnetonka,0,Oak Park,2
2013-10-19,Platte County,2,Oak Park,1
2013-10-19,Republic,2,Oakville,0
2013-10-19,Salem,0,Oakville,2
2013-10-19,Winona,0,Oakville,2
2013-10-19,Raytown South,1,Odessa,2
2013-10-19,Staley,2,O'Hara,0
2013-10-19,Salem,0,Ozark,2
2013-10-19,Springfield Catholic,0,Ozark,2
2013-10-19,Webster Groves,0,Ozark,2
2013-10-19,Republic,0,Ozark,2
2013-10-19,Raymore-Peculiar,0,Park Hill,2
2013-10-19,Fort Osage,0,Park Hill,2
2013-10-19,St. Charles,2,Park Hill,0
2013-10-19,Platte County,0,Park Hill South,2
2013-10-19,O'Hara,0,Park Hill South,2
2013-10-19,William Chrisman,0,Park Hill South,2
2013-10-19,Staley,0,Park Hill South,2
2013-10-19,Staley,0,Platte County,2
2013-10-19,William Chrisman,0,Platte County,2
2013-10-19,O'Hara,0,Platte County,2
2013-10-19,St. Charles,0,Platte County,2
2013-10-19,Liberty North,1,Pleasant Hill,1
2013-10-19,Visitation Academy,2,Pleasant Hill,0
2013-10-19,Seneca,2,Purdy,0
2013-10-19,Clever,2,Purdy,0
2013-10-19,St. Charles,2,Raymore-Peculiar,0
2013-10-19,Fort Osage,0,Raymore-Peculiar,2
2013-10-19,Richmond,0,Raytown,2
2013-10-19,Lathrop,0,Raytown,2
2013-10-19,Winona,0,Republic,2
2013-10-19,Eldon,0,Rolla,2
2013-10-19,Versailles,0,Rolla,2
2013-10-19,Dixon,0,Rolla,2
2013-10-19,Blair Oaks,2,Rolla,1
2013-10-19,Webster Groves,2,Salem,0
2013-10-19,Springfield Catholic,2,Salem,0
2013-10-19,Bolivar,2,Salem,0
2013-10-19,Raytown,0,Savannah,2
2013-10-19,Concordia,2,Savannah,0
2013-10-19,Richmond,0,Savannah,2
2013-10-19,Notre Dame (Cape Girardeau),2,Seckman,0
2013-10-19,Green Ridge,2,Seckman,0
2013-10-19,Clever,1,Seneca,1
2013-10-19,Wheaton,0,Seneca,2
2013-10-19,Rolla,2,Southern Boone,0
2013-10-19,Boonville,2,Southern Boone,0
2013-10-19,Versailles,0,Southern Boone,2
2013-10-19,Eldon,1,Southern Boone,1
2013-10-19,Union,1,Southwest (Washburn),1
2013-10-19,St. Pius X (Kansas City),2,St. Paul Lutheran (Concordia),0
2013-10-19,Liberty North,0,St. Pius X (Kansas City),2
2013-10-19,Visitation Academy,2,St. Pius X (Kansas City),0
2013-10-19,Villa Duchesne,1,St. Teresa's Academy,2
2013-10-19,Calvary Lutheran,2,Tipton,0
2013-10-19,Father Tolton,1,Tipton,2
2013-10-19,Fort Osage,0,St. Charles,2
2013-10-19,Staley,0,St. Charles,2
2013-10-19,Springfield Catholic,1,Webster Groves,1
2013-10-19,New Heights Christian,1,Wheaton,1
2013-10-19,O'Hara,2,William Chrisman,0
2013-10-19,Staley,2,William Chrisman,0
2013-10-19,Kearney,2,Winnetonka,0
2013-10-21,West County,0,Arcadia Valley,2
2013-10-21,Central (Park Hills),2,Arcadia Valley,0
2013-10-21,Montgomery County,2,Battle,1
2013-10-21,Woodland,1,Bernie,2
2013-10-21,Pleasant Hope,0,Billings,2
2013-10-21,Springfield Catholic,2,Bishop DuBourg,0
2013-10-21,Eugene,0,Blair Oaks,2
2013-10-21,Malden,0,Bloomfield,2
2013-10-21,Forsyth,1,Blue Eye,2
2013-10-21,Belle,2,Bourbon,0
2013-10-21,Reeds Spring,2,Branson,0
2013-10-21,McCluer,0,Brentwood,2
2013-10-21,Northeast Vernon County,0,Bronaugh,2
2013-10-21,Savannah,2,California,1
2013-10-21,Helias Catholic,2,Camdenton,0
2013-10-21,Lutheran St. Charles,2,Cardinal Ritter,0
2013-10-21,Poplar Bluff,2,Central (Cape Girardeau),0
2013-10-21,West County,0,Central (Park Hills),2
2013-10-21,Chamois,0,Centralia,3
2013-10-21,Cooter,2,Charleston,1
2013-10-21,Ladue Horton Watkins,1,Clayton,1
2013-10-21,Jennings,0,Clayton,2
2013-10-21,Warsaw,0,Cole Camp,2
2013-10-21,Springfield Catholic,2,Crane,1
2013-10-21,Central (Kansas City),1,Cristo Rey,2
2013-10-21,Summersville,2,Delta (Deering),0
2013-10-21,Notre Dame (Cape Girardeau),2,Dexter,1
2013-10-21,Buffalo,2,El Dorado Springs,0
2013-10-21,Bunker,2,Ellington,0
2013-10-21,Conway,0,Fair Grove,2
2013-10-21,Kingston,0,Farmington,2
2013-10-21,Ste. Genevieve,1,Farmington,1
2013-10-21,Sarcoxie,0,Fatima,2
2013-10-21,Willow Springs,1,Fordland,2
2013-10-21,Rock Bridge,2,Francis Howell Central,0
2013-10-21,Potosi,1,Fredericktown,1
2013-10-21,Bismarck,2,Fredericktown,0
2013-10-21,Jefferson (Festus),1,Ft. Zumwalt North,1
2013-10-21,Thomas Jefferson Independent Day,2,Golden City,1
2013-10-21,Mexico,1,Hannibal,2
2013-10-21,St. Clair,0,Hayti,2
2013-10-21,Versailles,2,Hogan Prep Academy Charter,0
2013-10-21,Warrensburg,0,Holden,2
2013-10-21,Ft. Zumwalt East,0,Holt,2
2013-10-21,Ladue Horton Watkins,2,Jennings,0
2013-10-21,Ritenour,0,John F. Kennedy,2
2013-10-21,Ste. Genevieve,2,Kingston,0
2013-10-21,Chilhowee,0,La Monte,2
2013-10-21,Lincoln,1,Lakeland,2
2013-10-21,Bishop LeBlond,2,Lawson,0
2013-10-21,Penney,0,Lexington,2
2013-10-21,Rich Hill,0,Liberal,2
2013-10-21,Eminence,2,Licking,0
2013-10-21,Parkway South,1,Lindbergh,1
2013-10-21,Orrick,2,Lone Jack,0
2013-10-21,Ursuline Academy,2,Lutheran South,0
2013-10-21,Mountain Grove,2,Marshfield,0
2013-10-21,Wheaton,2,McAuley Catholic,0
2013-10-21,Linn,0,New Haven,2
2013-10-21,Valley,0,North County,2
2013-10-21,Valle Catholic,2,North County,0
2013-10-21,Festus,0,Northwest (Cedar Hill),2
2013-10-21,Sweet Springs,0,Northwest (Hughesville),2
2013-10-21,Grain Valley,2,Oak Grove,0
2013-10-21,Harrisonville,2,Odessa,1
2013-10-21,Cuba,0,Owensville,2
2013-10-21,Central (St. Joseph),0,Park Hill,2
2013-10-21,Visitation Academy,2,Parkway Central,0
2013-10-21,Sparta,1,Pembroke Hill,2
2013-10-21,Jackson,0,Perryville,2
2013-10-21,Bismarck,2,Potosi,0
2013-10-21,Sarcoxie,1,Purdy,2
2013-10-21,Lee's Summit,2,Raymore-Peculiar,0
2013-10-21,Staley,2,Raytown,0
2013-10-21,Central (New Madrid County),2,Richland (Essex),0
2013-10-21,Zalma,2,Risco,0
2013-10-21,Hazelwood East,1,Riverview Gardens,1
2013-10-21,Clearwater,2,Seneca,0
2013-10-21,Kennett,2,Sikeston,1
2013-10-21,Meadow Heights,0,South Iron,2
2013-10-21,Galena,0,Union,2
2013-10-21,Duchesne,1,St. Dominic,2
2013-10-21,Washington,0,St. Joseph's Academy,2
2013-10-21,Nerinx Hall,0,St. Joseph's Academy,1
2013-10-21,Leopold,2,St. Vincent,0
2013-10-21,Lockwood,2,Stockton,0
2013-10-21,Versailles,0,Willard,2
2013-10-21,Hollister,0,Winona,2
2013-10-21,Notre Dame de Sion,1,Summit Christian Academy,2
2013-10-21,Veritas Christian Academy,0,Trinity Catholic,2
2013-10-21,Hazelwood West,0,Troy Buchanan,2
2013-10-21,Warrenton,2,Tarkio,0
2013-10-21,Rockwood Summit,2,University City,0
2013-10-21,Valle Catholic,2,Valley,0
2013-10-21,St. Pius X (Festus),1,Windsor (Imperial),2
2013-10-22,El Dorado Springs,2,Adrian,0
2013-10-22,Sikeston,1,Advance,2
2013-10-22,Lone Jack,0,Archie,2
2013-10-22,Cassville,0,Aurora,2
2013-10-22,Thayer,0,Ava,2
2013-10-22,Principia,2,Barat Academy,0
2013-10-22,Staley,2,Belton,0
2013-10-22,Chillicothe,0,Benton,2
2013-10-22,Bell City,0,Bloomfield,3
2013-10-22,Liberty,2,Blue Springs,1
2013-10-22,Lee's Summit North,0,Blue Springs South,2
2013-10-22,Mexico,0,Boonville,2
2013-10-22,Cuba,2,Bourbon,0
2013-10-22,Montgomery County,2,Bowling Green,0
2013-10-22,Chadwick,1,Bradleyville,2
2013-10-22,Bayless,0,Brentwood,2
2013-10-22,Greenville,2,Campbell,1
2013-10-22,Lexington,2,Carrollton,1
2013-10-22,Neosho,0,Carthage,2
2013-10-22,Cooter,2,Caruthersville,0
2013-10-22,Warrensburg,2,Center,0
2013-10-22,Lincoln College Prep,2,Central (Kansas City),0
2013-10-22,Notre Dame (Cape Girardeau),2,Central (New Madrid County),0
2013-10-22,Union,0,Central (Springfield),2
2013-10-22,Richland (Essex),0,Clarkton,2
2013-10-22,South Iron,0,Clearwater,2
2013-10-22,Lift for Life Academy Charter,0,Cleveland NJROTC,2
2013-10-22,Billings,1,Clever,2
2013-10-22,Northwest (Hughesville),0,Concordia,2
2013-10-22,Hancock,0,Crossroads College Preparatory,2
2013-10-22,Whitfield,2,Crystal City,1
2013-10-22,Sweet Springs,0,Delta (Deering),2
2013-10-22,Miller,0,Diamond,2
2013-10-22,Tipton,0,Eldon,2
2013-10-22,Wright City,1,Eminence,2
2013-10-22,Niangua,0,Everton,2
2013-10-22,Pleasant Hill,2,Excelsior Springs,0
2013-10-22,Southwest (Washburn),2,Exeter,0
2013-10-22,Stockton,0,Fair Grove,2
2013-10-22,Centralia,2,Father Tolton,0
2013-10-22,Crane,1,Forsyth,2
2013-10-22,North Kansas City,2,Fort Osage,0
2013-10-22,Francis Howell,2,Francis Howell North,0
2013-10-22,Valley,0,Fredericktown,2
2013-10-22,Kingston,1,Fredericktown,2
2013-10-22,Pattonville,2,Ft. Zumwalt East,1
2013-10-22,Ft. Zumwalt North,2,Ft. Zumwalt South,1
2013-10-22,Francis Howell Central,2,Ft. Zumwalt West,0
2013-10-22,Wright City,1,Fulton,1
2013-10-22,Verona,2,Galena,0
2013-10-22,Rolla,0,Glendale,2
2013-10-22,Ruskin,0,Grandview,2
2013-10-22,California,2,Hallsville,0
2013-10-22,Senath-Hornersville,0,Hayti,2
2013-10-22,Lebanon,2,Hillcrest,0
2013-10-22,Buffalo,2,Hollister,0
2013-10-22,Lafayette (Wildwood),2,Incarnate Word Academy,0
2013-10-22,Cole Camp,0,Jefferson City,2
2013-10-22,West County,1,Kingston,2
2013-10-22,Hannibal,2,Kirksville,0
2013-10-22,Lindbergh,0,Kirkwood,2
2013-10-22,Lafayette County,2,Knob Noster,0
2013-10-22,St. Joseph Christian,0,Lafayette (St. Joseph),2
2013-10-22,Sherwood,0,Lakeland,2
2013-10-22,Mid-Buchanan,0,Lathrop,2
2013-10-22,East Buchanan,0,Lawson,2
2013-10-22,Park Hill South,2,Lee's Summit,0
2013-10-22,Central (St. Joseph),0,Lee's Summit West,2
2013-10-22,Puxico,0,Leopold,2
2013-10-22,Winona,2,Lesterville,1
2013-10-22,Salem,0,Liberty (Mountain View),2
2013-10-22,Osceola,2,Lincoln,0
2013-10-22,Reeds Spring,0,Logan-Rogersville,2
2013-10-22,Santa Fe,2,Lutheran (Kansas City),0
2013-10-22,St. Joseph's Academy,1,Lutheran St. Charles,2
2013-10-22,Oakville,1,Marquette,2
2013-10-22,Sparta,1,Maryville,2
2013-10-22,New Heights Christian,2,McAuley Catholic,0
2013-10-22,St. Vincent,2,Meadow Heights,0
2013-10-22,Hume,2,Miami (Amoret),0
2013-10-22,Lutheran North,0,MICDS,2
2013-10-22,Hogan Prep Academy Charter,0,Midway,2
2013-10-22,Chamois,3,Missouri School for the Deaf,0
2013-10-22,Mt. Vernon,2,Monett,0
2013-10-22,Owensville,1,New Haven,2
2013-10-22,Branson,0,Nixa,2
2013-10-22,Raytown,0,Oak Park,2
2013-10-22,Saxony Lutheran,2,Oran,0
2013-10-22,Crest Ridge,0,Orrick,2
2013-10-22,Southern Boone,0,Osage,2
2013-10-22,Willard,0,Ozark,2
2013-10-22,Camdenton,0,Parkview,2
2013-10-22,Parkway South,0,Parkway Central,2
2013-10-22,Westminster Christian Academy,0,Parkway West,2
2013-10-22,Cameron,0,Pembroke Hill,2
2013-10-22,Golden City,0,Pierce City,2
2013-10-22,Penney,0,Plattsburg,2
2013-10-22,Kearney,2,Raytown South,0
2013-10-22,Webb City,0,Republic,2
2013-10-22,Holden,2,Richmond,0
2013-10-22,Liberal,2,Sarcoxie,0
2013-10-22,Trenton,0,Savannah,2
2013-10-22,Central (Cape Girardeau),2,Seneca,1
2013-10-22,Windsor (Imperial),2,Seckman,0
2013-10-22,Lamar,0,Seneca,2
2013-10-22,Calvary Lutheran,0,Smithton,2
2013-10-22,East (Kansas City),2,Southwest Early College,1
2013-10-22,Winfield,2,St. Charles West,0
2013-10-22,Pacific,2,St. Clair,0
2013-10-22,Hermann,2,St. James,0
2013-10-22,Sweet Springs,0,St. Paul Lutheran (Concordia),2
2013-10-22,Clinton,0,St. Pius X (Kansas City),2
2013-10-22,Troy Buchanan,2,Timberland,1
2013-10-22,Cardinal Ritter,0,Trinity Catholic,2
2013-10-22,Gideon,2,St. Clair,0
2013-10-22,Webb City,2,Tarkio,1
2013-10-22,John Burroughs,2,University City,1
2013-10-22,West County,0,Valley,2
2013-10-22,Blair Oaks,2,Versailles,0
2013-10-22,Cor Jesu Academy,2,Villa Duchesne,1
2013-10-22,Notre Dame (St. Louis),0,Visitation Academy,2
2013-10-22,St. Charles,2,Warrenton,0
2013-10-22,Holt,0,Washington,2
2013-10-22,Kickapoo,2,Waynesville,0
2013-10-22,Mehlville,0,Webster Groves,2
2013-10-22,Joplin,2,West Plains,0
2013-10-22,Mountain Grove,2,Willow Springs,0
2013-10-22,Platte County,2,Winnetonka,0
2013-10-23,Ladue Horton Watkins,0,Affton,2
2013-10-23,Ste. Genevieve,2,Arcadia Valley,0
2013-10-23,Springfield Catholic,2,Cardinal Ritter,0
2013-10-23,Oakville,2,Francis Howell,1
2013-10-23,Hazelwood West,0,Hazelwood Central,2
2013-10-23,Valley Park,0,Herculaneum,2
2013-10-23,Grandview,0,Kearney,2
2013-10-23,McCluer South-Berkeley,0,Ladue Horton Watkins,2
2013-10-23,Lexington,0,Lafayette County,2
2013-10-23,Lee's Summit North,0,Lee's Summit West,2
2013-10-23,Barstow,2,Lone Jack,0
2013-10-23,Wellington-Napoleon,1,Lutheran (Kansas City),2
2013-10-23,Hazelwood East,1,McCluer,2
2013-10-23,Cor Jesu Academy,2,Mehlville,0
2013-10-23,Potosi,1,North County,2
2013-10-23,Ste. Genevieve,2,North County,0
2013-10-23,Barat Academy,0,Notre Dame (St. Louis),2
2013-10-23,Savannah,0,O'Hara,2
2013-10-23,Brentwood,0,Orchard Farm,2
2013-10-23,St. Charles,0,Park Hill South,2
2013-10-23,McCluer North,0,Pattonville,2
2013-10-23,Odessa,0,Pleasant Hill,2
2013-10-23,Arcadia Valley,2,Potosi,0
2013-10-23,Ritenour,2,Riverview Gardens,0
2013-10-23,Visitation Academy,2,Rockwood Summit,0
2013-10-23,Perryville,2,Seneca,0
2013-10-23,Jackson,2,Seckman,0
2013-10-23,Sherwood,0,Sweet Springs,2
2013-10-23,Southern Boone,1,Tipton,1
2013-10-23,Duchesne,2,Trinity Catholic,0
2013-10-23,Nerinx Hall,2,Ursuline Academy,0
2013-10-23,Bishop DuBourg,2,Veritas Christian Academy,0
2013-10-23,St. Pius X (Festus),2,Whitfield,0
2013-10-24,Nevada,2,Adrian,0
2013-10-24,Bolivar,1,Ash Grove,2
2013-10-24,Crossroads College Preparatory,0,Bayless,2
2013-10-24,Campbell,0,Bernie,2
2013-10-24,Hurley,0,Billings,2
2013-10-24,Valle Catholic,2,Bismarck,0
2013-10-24,Raymore-Peculiar,0,Blue Springs,2
2013-10-24,Notre Dame de Sion,0,Blue Springs South,3
2013-10-24,Republic,2,Buffalo,1
2013-10-24,Marquand-Zion,0,Bunker,2
2013-10-24,Webb City,0,Butler,2
2013-10-24,Missouri School for the Deaf,0,Calvary Lutheran,2
2013-10-24,Rolla,2,Camdenton,0
2013-10-24,Lafayette (St. Joseph),2,Cameron,0
2013-10-24,Aurora,0,Carl Junction,2
2013-10-24,St. Pius X (Kansas City),2,Center,0
2013-10-24,Southeast,0,Central (Kansas City),2
2013-10-24,Southwest Early College,0,Central (Kansas City),2
2013-10-24,Valle Catholic,0,Central (Park Hills),2
2013-10-24,Ava,0,Central (Springfield),2
2013-10-24,Union,2,Chadwick,0
2013-10-24,Wentworth Military Academy,0,Chilhowee,2
2013-10-24,La Monte,1,Chilhowee,1
2013-10-24,Doniphan,0,Clearwater,2
2013-10-24,O'Hara,2,Clinton,0
2013-10-24,Clever,0,Crane,2
2013-10-24,Belle,0,Cuba,2
2013-10-24,Blair Oaks,2,Dixon,1
2013-10-24,Hogan Prep Academy Charter,0,Drexel,3
2013-10-24,Lincoln College Prep,2,East (Kansas City),0
2013-10-24,Father Tolton,2,Eugene,1
2013-10-24,Fox,0,Eureka,2
2013-10-24,Central (Park Hills),2,Farmington,0
2013-10-24,Bismarck,2,Farmington,0
2013-10-24,Fair Grove,2,Forsyth,0
2013-10-24,Hazelwood West,0,Francis Howell North,2
2013-10-24,Ft. Zumwalt West,2,Ft. Zumwalt North,1
2013-10-24,Hillcrest,0,Glendale,2
2013-10-24,Excelsior Springs,1,Grain Valley,2
2013-10-24,Boonville,1,Hannibal,2
2013-10-24,Oak Grove,0,Harrisonville,2
2013-10-24,Carrollton,1,Holden,2
2013-10-24,Timberland,2,Holt,0
2013-10-24,Helias Catholic,1,Jefferson City,2
2013-10-24,Principia,0,John Burroughs,2
2013-10-24,Trinity Catholic,0,John F. Kennedy,2
2013-10-24,Waynesville,2,Joplin,0
2013-10-24,Wentworth Military Academy,1,Kingsville,1
2013-10-24,La Monte,1,Kingsville,1
2013-10-24,University City,0,Kirkwood,2
2013-10-24,Wentworth Military Academy,0,La Monte,2
2013-10-24,Monett,0,Lamar,2
2013-10-24,Parkview,2,Lebanon,0
2013-10-24,Park Hill South,2,Liberty,1
2013-10-24,Winnetonka,0,Liberty North,2
2013-10-24,Lafayette (Wildwood),2,Lindbergh,0
2013-10-24,Nixa,1,Logan-Rogersville,2
2013-10-24,Barstow,2,Lone Jack,0
2013-10-24,Festus,0,Lutheran South,2
2013-10-24,Willard,2,Marshfield,0
2013-10-24,Carthage,2,McDonald County,1
2013-10-24,Fulton,2,Mexico,0
2013-10-24,Wright City,2,Montgomery County,0
2013-10-24,Galena,2,Niangua,0
2013-10-24,Mound City,2,Nodaway-Holt,0
2013-10-24,William Chrisman,2,North Kansas City,0
2013-10-24,Lincoln College Prep,2,Northeast (Kansas City),0
2013-10-24,Marquette,2,Northwest (Cedar Hill),0
2013-10-24,Leopold,1,Notre Dame (Cape Girardeau),2
2013-10-24,St. James,0,Pacific,2
2013-10-24,Seckman,0,Parkway North,2
2013-10-24,Thayer,0,Plato,2
2013-10-24,Raytown South,0,Platte County,2
2013-10-24,Miller,0,Pleasant Hope,2
2013-10-24,Belton,2,Raytown,0
2013-10-24,East Buchanan,0,Rock Port,2
2013-10-24,Parkway Central,2,Rockwood Summit,0
2013-10-24,Park Hill,2,Ruskin,0
2013-10-24,Bishop LeBlond,2,Savannah,0
2013-10-24,Central (Cape Girardeau),0,Saxony Lutheran,2
2013-10-24,Cassville,0,Seneca,2
2013-10-24,Miami (Amoret),2,Sheldon,0
2013-10-24,Central (New Madrid County),2,Sikeston,1
2013-10-24,Greenville,2,South Iron,1
2013-10-24,Southwest Early College,1,Southeast,2
2013-10-24,Veritas Christian Academy,2,St. Charles,0
2013-10-24,Hillsboro,1,St. Clair,2
2013-10-24,Concordia,0,St. Paul Lutheran (Concordia),2
2013-10-24,Herculaneum,0,St. Pius X (Festus),2
2013-10-24,Fort Osage,0,Staley,2
2013-10-24,Osceola,2,Stockton,0
2013-10-24,Liberty (Mountain View),1,Wright City,1
2013-10-24,Jasper,2,Thomas Jefferson Independent Day,1
2013-10-24,Oak Park,2,St. Charles,0
2013-10-24,Holcomb,2,St. Clair,0
2013-10-24,Exeter,0,Verona,2
2013-10-24,Osage,2,Warsaw,0
2013-10-24,Duchesne,2,Washington,0
2013-10-24,Parkway West,2,Webster Groves,0
2013-10-24,Kickapoo,2,West Plains,0
2013-10-24,Licking,2,Willow Springs,0
2013-10-24,Lakeland,2,Windsor,0
2013-10-24,Bell City,1,Woodland,3
2013-10-24,Bloomfield,2,Zalma,0
2013-10-25,Northeast Vernon County,0,Ballard,2
2013-10-25,Warsaw,2,Belle,0
2013-10-25,Plato,0,Dixon,2
2013-10-25,Nerinx Hall,1,Eureka,2
2013-10-25,School of the Ozarks,2,Everton,0
2013-10-25,Blue Eye,2,Galena,0
2013-10-25,Ft. Zumwalt South,2,Hazelwood West,1
2013-10-25,Pembroke Hill,3,Lutheran North,0
2013-10-25,Principia,0,MICDS,2
2013-10-25,Whitfield,0,MICDS,2
2013-10-25,Wheaton,0,New Heights Christian,2
2013-10-25,Skyline,2,Niangua,0
2013-10-25,Pattonville,0,Parkway North,2
2013-10-25,Whitfield,1,Principia,1
2013-10-25,Exeter,0,Purdy,2
2013-10-25,Senath-Hornersville,2,Sweet Springs,0
2013-10-25,Riverview Gardens,0,University City,2
2013-10-25,Oakville,1,Ursuline Academy,2
2013-10-25,MICDS,2,Windsor (Imperial),0
2013-10-25,Whitfield,0,Windsor (Imperial),2
2013-10-25,Principia,0,Windsor (Imperial),2
2013-10-25,Advance,0,Woodland,2
2013-10-26,Helias Catholic,2,Bolivar,0
2013-10-26,Whitfield,2,Lutheran North,0
2013-10-26,Hannibal,2,Marshall,0
2013-10-26,Pembroke Hill,0,MICDS,2
2013-10-26,Whitfield,0,Principia,2
2013-10-26,Pembroke Hill,0,Windsor (Imperial),2
2013-10-28,Cooter,2,North Pemiscot,0
2013-10-28,Gideon,2,Sweet Springs,0
2013-10-28,Holcomb,2,Delta (Deering),0
2013-10-28,Bernie,2,Clarkton,0
2013-10-28,Bloomfield,2,Campbell,0
2013-10-28,Bell City,0,Clarkton,2
2013-10-28,Bloomfield,2,Richland (Essex),1
2013-10-28,Campbell,2,Risco,0
2013-10-28,Marquand-Zion,2,Zalma,1
2013-10-28,South Iron,2,Ellington,0
2013-10-28,Leopold,2,Oak Ridge,0
2013-10-28,St. Vincent,2,Advance,0
2013-10-28,Oak Ridge,2,Meadow Heights,0
2013-10-28,Advance,2,Oran,0
2013-10-28,Kingston,0,Crystal City,2
2013-10-28,Valle Catholic,2,Chamois,0
2013-10-28,New Haven,2,Valley,0
2013-10-28,Bunker,0,Viburnum,2
2013-10-28,Eminence,2,Thayer,0
2013-10-28,Sacred Heart,2,Father Tolton,1
2013-10-28,Willard,2,Northwest (Hughesville),1
2013-10-28,Father Tolton,2,Smithton,1
2013-10-28,Willard,2,Missouri School for the Deaf,0
2013-10-28,Northwest (Hughesville),2,Calvary Lutheran,0
2013-10-28,Spokane,2,Chadwick,0
2013-10-28,Fordland,0,Galena,2
2013-10-28,School of the Ozarks,2,Bradleyville,0
2013-10-28,Wheaton,2,Hurley,0
2013-10-28,Billings,2,Exeter,0
2013-10-28,Verona,0,Miller,2
2013-10-28,Thomas Jefferson Independent Day,0,McAuley Catholic,2
2013-10-28,Jasper,2,Golden City,0
2013-10-28,Lockwood,2,Everton,0
2013-10-28,Bronaugh,2,Miami (Amoret),0
2013-10-28,Rich Hill,2,Sheldon,0
2013-10-28,Hume,2,Northeast Vernon County,0
2013-10-28,Windsor,2,Lincoln,0
2013-10-28,Lutheran (Kansas City),2,Lone Jack,0
2013-10-28,Midway,2,Drexel,0
2013-10-28,Lone Jack,2,Kingsville,1
2013-10-28,Midway,2,Ballard,0
2013-10-28,Drexel,2,Archie,1
2013-10-28,La Monte,2,Crest Ridge,0
2013-10-28,Concordia,2,Wentworth Military Academy,0
2013-10-28,Sweet Springs,2,Malta Bend,0
2013-10-28,Orrick,2,St. Joseph Christian,0
2013-10-28,Senath-Hornersville,0,St. Clair,2
2013-10-28,Hayti,2,Caruthersville,0
2013-10-28,Clearwater,2,Puxico,0
2013-10-28,Woodland,2,Saxony Lutheran,1
2013-10-28,Puxico,2,Charleston,0
2013-10-28,Saxony Lutheran,2,Seneca,0
2013-10-28,Cleveland NJROTC,2,Lift for Life Academy Charter,1
2013-10-28,Maplewood-Richmond Hts.,0,Brentwood,2
2013-10-28,Principia,2,Valley Park,0
2013-10-28,Crossroads College Preparatory,2,Whitfield,1
2013-10-28,Lutheran North,2,Hallsville,1
2013-10-28,Centralia,2,Montgomery County,0
2013-10-28,Orchard Farm,2,Bowling Green,0
2013-10-28,Eugene,2,Tipton,0
2013-10-28,California,2,Sarcoxie,0
2013-10-28,Cuba,2,Linn,0
2013-10-28,Warsaw,2,Bourbon,0
2013-10-28,Dixon,2,Belle,0
2013-10-28,Licking,2,Willow Springs,0
2013-10-28,Liberty (Mountain View),2,Plato,0
2013-10-28,Cabool,2,Houston,1
2013-10-28,Forsyth,0,Pleasant Hope,2
2013-10-28,Winona,2,Skyline,0
2013-10-28,Union,2,Conway,0
2013-10-28,Marionville,2,Purdy,0
2013-10-28,Southwest (Washburn),2,Blue Eye,0
2013-10-28,Crane,1,Clever,2
2013-10-28,Diamond,2,Stockton,0
2013-10-28,Lamar,2,Sarcoxie,1
2013-10-28,Adrian,2,Warsaw,1
2013-10-28,Butler,2,Sherwood,0
2013-10-28,Lexington,0,Carrollton,2
2013-10-28,Knob Noster,2,Trenton,0
2013-10-28,University Academy Charter,2,Southeast,0
2013-10-28,Plattsburg,1,East Buchanan,2
2013-10-28,Mid-Buchanan,2,Penney,0
2013-10-28,Kennett,2,Central (New Madrid County),0
2013-10-28,Notre Dame (Cape Girardeau),2,Fredericktown,0
2013-10-28,Dexter,2,Doniphan,0
2013-10-28,North County,2,DeSoto,1
2013-10-28,Central (Park Hills),2,Potosi,0
2013-10-28,Ste. Genevieve,2,Festus,1
2013-10-28,Notre Dame (St. Louis),2,Bayless,0
2013-10-28,Affton,2,Hancock,0
2013-10-28,North Technical,2,Jennings,1
2013-10-28,St. Charles,2,McCluer South-Berkeley,0
2013-10-28,St. Charles West,2,Wright City,0
2013-10-28,Warrenton,2,Veritas Christian Academy,0
2013-10-28,Webb City,2,St. Clair,1
2013-10-28,Owensville,2,Salem,0
2013-10-28,Tarkio,2,St. James,0
2013-10-28,Fulton,2,Mexico,0
2013-10-28,Southern Boone,2,Kirksville,0
2013-10-28,Eldon,1,Versailles,2
2013-10-28,Marshfield,2,Bolivar,0
2013-10-28,Logan-Rogersville,2,Ava,0
2013-10-28,Springfield Catholic,2,Osage,0
2013-10-28,Seneca,2,Cassville,0
2013-10-28,Hollister,2,Monett,0
2013-10-28,Aurora,0,East Newton,2
2013-10-28,Carl Junction,2,Nevada,0
2013-10-28,Pleasant Hill,2,Mt. Vernon,0
2013-10-28,Nevada,2,Harrisonville,0
2013-10-28,Mt. Vernon,2,Clinton,0
2013-10-28,Cristo Rey,2,Southwest Early College,0
2013-10-28,Center,2,Hogan Prep Academy Charter,1
2013-10-28,Odessa,0,Oak Grove,2
2013-10-28,Marshall,2,Richmond,0
2013-10-28,Lincoln College Prep,2,Central (Kansas City),0
2013-10-28,Sparta,2,East (Kansas City),0
2013-10-28,Versailles,2,Northeast (Kansas City),0
2013-10-28,Lafayette (St. Joseph),2,Cameron,0
2013-10-28,Benton,2,Chillicothe,0
2013-10-28,Farmington,2,Hillsboro,0
2013-10-28,Poplar Bluff,0,Jackson,2
2013-10-28,Hillsboro,2,Central (Cape Girardeau),0
2013-10-28,Jackson,2,Sikeston,0
2013-10-28,Ursuline Academy,2,Webster Groves,1
2013-10-28,Nerinx Hall,2,Ladue Horton Watkins,0
2013-10-28,Incarnate Word Academy,2,Gateway,0
2013-10-28,Springfield Catholic,2,Normandy Collaborative,0
2013-10-28,McCluer,1,Hazelwood East,2
2013-10-28,Hazelwood Central,2,Riverview Gardens,0
2013-10-28,Ft. Zumwalt East,1,Francis Howell North,2
2013-10-28,Parkway North,1,Parkway Central,2
2013-10-28,Francis Howell Central,2,Ft. Zumwalt South,1
2013-10-28,Ft. Zumwalt West,2,Ft. Zumwalt North,0
2013-10-28,Helias Catholic,2,Battle,0
2013-10-28,Troy Buchanan,2,Hannibal,0
2013-10-28,Rock Bridge,2,Holt,0
2013-10-28,Savannah,2,Hickman,0
2013-10-28,Rolla,2,Lebanon,1
2013-10-28,Willard,2,West Plains,0
2013-10-28,Waynesville,2,Camdenton,0
2013-10-28,Central (Springfield),1,Parkview,2
2013-10-28,Glendale,2,Hillcrest,0
2013-10-28,Kickapoo,2,Branson,0
2013-10-28,Lee's Summit,2,Belton,0
2013-10-28,Raymore-Peculiar,2,Ruskin,0
2013-10-28,Notre Dame de Sion,2,Grandview,0
2013-10-28,Blue Springs,2,Raytown South,0
2013-10-28,Lee's Summit North,2,Warrensburg,0
2013-10-28,Blue Springs South,2,Raytown,0
2013-10-28,North Kansas City,2,William Chrisman,0
2013-10-28,St. Teresa's Academy,2,Fort Osage,0
2013-10-28,Oak Park,2,Winnetonka,0
2013-10-28,Platte County,2,Park Hill,1
2013-10-28,Kearney,2,Central (St. Joseph),0
2013-10-28,Staley,2,Liberty North,0
2013-10-29,Summersville,2,Cooter,0
2013-10-29,Gideon,2,Holcomb,0
2013-10-29,Bernie,2,Bloomfield,0
2013-10-29,Lesterville,2,Greenville,0
2013-10-29,Lesterville,2,Marquand-Zion,0
2013-10-29,Greenville,2,South Iron,1
2013-10-29,Leopold,2,St. Vincent,0
2013-10-29,Winona,2,Eminence,0
2013-10-29,Winona,2,Viburnum,0
2013-10-29,Wright City,0,Eminence,2
2013-10-29,Spokane,2,School of the Ozarks,0
2013-10-29,Spokane,2,Galena,0
2013-10-29,Pierce City,1,Billings,2
2013-10-29,Pierce City,2,Wheaton,0
2013-10-29,Billings,2,Miller,1
2013-10-29,Greenfield,0,Jasper,2
2013-10-29,Greenfield,2,McAuley Catholic,1
2013-10-29,Jasper,2,Lockwood,1
2013-10-29,Liberal,2,Hume,0
2013-10-29,Liberal,2,Bronaugh,0
2013-10-29,Rich Hill,1,Hume,2
2013-10-29,Osceola,2,Green Ridge,0
2013-10-29,Green Ridge,2,Windsor,0
2013-10-29,North Platte,0,Orrick,2
2013-10-29,Wellington-Napoleon,2,West Platte,0
2013-10-29,Malden,2,St. Clair,0
2013-10-29,Portageville,2,Hayti,0
2013-10-29,Clearwater,0,Woodland,2
2013-10-29,West County,2,Herculaneum,1
2013-10-29,Arcadia Valley,2,Grandview (Hillsboro),0
2013-10-29,Carnahan,2,Cleveland NJROTC,0
2013-10-29,Barat Academy,2,Brentwood,0
2013-10-29,Principia,2,Crossroads College Preparatory,0
2013-10-29,Lutheran St. Charles,2,Orchard Farm,0
2013-10-29,Lutheran St. Charles,2,Lutheran North,0
2013-10-29,Centralia,0,Orchard Farm,2
2013-10-29,Fatima,2,Blair Oaks,0
2013-10-29,Fatima,2,Eugene,0
2013-10-29,Blair Oaks,2,California,0
2013-10-29,Hermann,2,Dixon,0
2013-10-29,Hermann,2,Cuba,0
2013-10-29,Warsaw,1,Dixon,2
2013-10-29,Mountain Grove,0,Liberty (Mountain View),2
2013-10-29,Mountain Grove,2,Licking,0
2013-10-29,Liberty (Mountain View),2,Cabool,0
2013-10-29,Fair Grove,2,Winona,0
2013-10-29,Fair Grove,2,Pleasant Hope,0
2013-10-29,Winona,2,Union,1
2013-10-29,Ash Grove,2,Clever,0
2013-10-29,Ash Grove,2,Marionville,0
2013-10-29,Southwest (Washburn),1,Clever,2
2013-10-29,El Dorado Springs,2,New Heights Christian,0
2013-10-29,El Dorado Springs,2,Diamond,0
2013-10-29,New Heights Christian,2,Lamar,0
2013-10-29,Holden,1,Cole Camp,2
2013-10-29,Holden,2,Adrian,0
2013-10-29,Cole Camp,2,Butler,0
2013-10-29,Summit Christian Academy,2,Barstow,0
2013-10-29,Summit Christian Academy,2,University Academy Charter,0
2013-10-29,Barstow,2,Lawson,0
2013-10-29,Bishop LeBlond,2,East Buchanan,0
2013-10-29,Lathrop,1,Mid-Buchanan,2
2013-10-29,Perryville,2,Notre Dame (Cape Girardeau),1
2013-10-29,Perryville,2,Kennett,0
2013-10-29,Notre Dame (Cape Girardeau),2,Dexter,0
2013-10-29,Roosevelt,2,College Preparatory,0
2013-10-29,Soldan International Studies,2,West Plains,0
2013-10-29,Miller Career Academy,2,Waynesville,0
2013-10-29,Westminster Christian Academy,2,Clayton,0
2013-10-29,Visitation Academy,2,John F. Kennedy,0
2013-10-29,MICDS,2,John Burroughs,0
2013-10-29,Duchesne,2,St. Charles,0
2013-10-29,Duchesne,2,North Technical,0
2013-10-29,Trinity Catholic,0,St. Charles,2
2013-10-29,St. Dominic,2,Winfield,0
2013-10-29,St. Dominic,2,St. Charles West,0
2013-10-29,Winfield,2,Warrenton,1
2013-10-29,St. Joseph's Academy,2,Owensville,0
2013-10-29,St. Joseph's Academy,2,Webb City,0
2013-10-29,Owensville,2,Tarkio,0
2013-10-29,Boonville,2,Southern Boone,1
2013-10-29,Boonville,2,Fulton,0
2013-10-29,Southern Boone,2,Versailles,1
2013-10-29,Buffalo,0,Logan-Rogersville,2
2013-10-29,Buffalo,2,Marshfield,0
2013-10-29,Logan-Rogersville,2,Springfield Catholic,0
2013-10-29,Reeds Spring,2,Hollister,0
2013-10-29,Reeds Spring,2,Seneca,0
2013-10-29,Hollister,2,East Newton,1
2013-10-29,O'Hara,2,Cristo Rey,0
2013-10-29,Pembroke Hill,2,Center,0
2013-10-29,Savannah,2,Lafayette (St. Joseph),0
2013-10-29,Maryville,2,Benton,0
2013-10-29,Mehlville,2,Fox,1
2013-10-29,Lindbergh,2,Seckman,0
2013-10-29,Washington,2,Pacific,0
2013-10-29,Eureka,2,Rockwood Summit,0
2013-10-29,Northwest (Cedar Hill),2,Parkway South,0
2013-10-29,St. Joseph's Academy,2,Ursuline Academy,0
2013-10-29,Kirkwood,2,Nerinx Hall,1
2013-10-29,Parkway West,0,Marquette,2
2013-10-29,Parkway West,2,Francis Howell North,0
2013-10-29,Marquette,2,Parkway Central,0
2013-10-29,Francis Howell,2,Francis Howell Central,0
2013-10-29,Timberland,0,Ft. Zumwalt West,2
2013-10-29,Jefferson City,2,Waynesville,1
2013-10-29,Jefferson City,2,Rolla,0
2013-10-29,Willard,1,Waynesville,2
2013-10-29,Joplin,2,Webb City,0
2013-10-29,Nixa,2,Neosho,0
2013-10-29,Carthage,2,McDonald County,0
2013-10-29,Lee's Summit West,2,Lee's Summit,0
2013-10-29,Raymore-Peculiar,2,Notre Dame de Sion,0
2013-10-29,St. Charles,1,Blue Springs,2
2013-10-29,Lee's Summit North,2,Blue Springs South,1
2013-10-29,Park Hill South,2,North Kansas City,0
2013-10-29,St. Teresa's Academy,2,Oak Park,0
2013-10-29,Arcadia Valley,2,Grandview,0
2013-10-30,Summersville,0,Gideon,2
2013-10-30,Bismarck,1,Valle Catholic,2
2013-10-30,Bismarck,2,Crystal City,0
2013-10-30,Valle Catholic,2,New Haven,0
2013-10-30,Sacred Heart,2,Willard,0
2013-10-30,Lutheran (Kansas City),0,Midway,2
2013-10-30,Santa Fe,2,Concordia,0
2013-10-30,Santa Fe,2,La Monte,0
2013-10-30,Concordia,2,Sweet Springs,0
2013-10-30,Wellington-Napoleon,1,Orrick,2
2013-10-30,Mound City,2,St. James,0
2013-10-30,Malden,1,Portageville,2
2013-10-30,St. Pius X (Festus),2,Jefferson (Festus),1
2013-10-30,St. Pius X (Festus),2,West County,0
2013-10-30,Jefferson (Festus),2,Arcadia Valley,0
2013-10-30,Barat Academy,2,Principia,1
2013-10-30,St. Paul Lutheran (Concordia),2,Lafayette County,1
2013-10-30,St. Paul Lutheran (Concordia),2,Carrollton,0
2013-10-30,Lafayette County,2,Knob Noster,0
2013-10-30,Bishop LeBlond,2,Mid-Buchanan,0
2013-10-30,Windsor (Imperial),2,Central (Park Hills),0
2013-10-30,Windsor (Imperial),2,North County,0
2013-10-30,Central (Park Hills),2,Ste. Genevieve,1
2013-10-30,Bishop DuBourg,0,Lutheran South,2
2013-10-30,Bishop DuBourg,2,Notre Dame (St. Louis),0
2013-10-30,Lutheran South,2,Affton,1
2013-10-30,University City,2,Miller Career Academy,1
2013-10-30,University City,2,Roosevelt,0
2013-10-30,Soldan International Studies,0,Miller Career Academy,2
2013-10-30,Villa Duchesne,2,Visitation Academy,0
2013-10-30,Villa Duchesne,2,Westminster Christian Academy,0
2013-10-30,Visitation Academy,2,MICDS,0
2013-10-30,Carl Junction,2,Pleasant Hill,1
2013-10-30,O'Hara,2,Pembroke Hill,1
2013-10-30,Grain Valley,2,Excelsior Springs,0
2013-10-30,Grain Valley,2,Oak Grove,0
2013-10-30,Excelsior Springs,2,Marshall,0
2013-10-30,St. Pius X (Kansas City),2,Sparta,0
2013-10-30,St. Pius X (Kansas City),2,Lincoln College Prep,0
2013-10-30,Sparta,2,Versailles,0
2013-10-30,Savannah,2,Maryville,1
2013-10-30,Farmington,2,Jackson,0
2013-10-30,Cor Jesu Academy,0,Oakville,2
2013-10-30,Cor Jesu Academy,2,Mehlville,0
2013-10-30,Oakville,2,Lindbergh,0
2013-10-30,Lafayette (Wildwood),2,Eureka,0
2013-10-30,Lafayette (Wildwood),2,Washington,0
2013-10-30,Eureka,2,Northwest (Cedar Hill),0
2013-10-30,St. Joseph's Academy,2,Kirkwood,0
2013-10-30,Springfield Catholic,2,Incarnate Word Academy,0
2013-10-30,Pattonville,0,Incarnate Word Academy,2
2013-10-30,Ritenour,0,Springfield Catholic,2
2013-10-30,Hazelwood West,2,Hazelwood Central,0
2013-10-30,Hazelwood West,2,Hazelwood East,0
2013-10-30,McCluer North,0,Hazelwood Central,2
2013-10-30,Francis Howell,2,Ft. Zumwalt West,0
2013-10-30,Helias Catholic,0,Rock Bridge,2
2013-10-30,Helias Catholic,2,Troy Buchanan,0
2013-10-30,Rock Bridge,2,Savannah,1
2013-10-30,Ozark,2,Glendale,0
2013-10-30,Ozark,2,Parkview,0
2013-10-30,Glendale,2,Kickapoo,1
2013-10-30,Lee's Summit West,2,Raymore-Peculiar,0
2013-10-30,Lee's Summit North,1,Blue Springs,2
2013-10-30,Park Hill South,2,St. Teresa's Academy,1
2013-10-30,Liberty,2,Kearney,0
2013-10-30,Liberty,2,Platte County,0
2013-10-30,Kearney,2,Staley,0
2013-10-31,Republic,2,Nixa,0
2013-10-31,Republic,2,Joplin,1
2013-10-31,Nixa,2,Carthage,0
2013-11-02,Leopold,2,Lesterville,1
2013-11-02,Midway,0,Santa Fe,2
2013-11-02,Valle Catholic,1,Winona,2
2013-11-02,Osceola,2,Jasper,0
2013-11-02,Lesterville,2,Bernie,1
2013-11-02,Leopold,2,Gideon,0
2013-11-02,Orrick,0,Santa Fe,2
2013-11-02,Mound City,0,Midway,2
2013-11-02,Sacred Heart,0,Winona,2
2013-11-02,Spokane,0,Valle Catholic,2
2013-11-02,Liberal,1,Jasper,2
2013-11-02,Osceola,2,Billings,0
2013-11-02,Bishop LeBlond,0,Summit Christian Academy,2
2013-11-02,Hermann,2,Lutheran St. Charles,0
2013-11-02,El Dorado Springs,0,Fair Grove,2
2013-11-02,St. Pius X (Festus),2,Woodland,0
2013-11-02,Summit Christian Academy,2,St. Paul Lutheran (Concordia),1
2013-11-02,Bishop LeBlond,2,Cole Camp,0
2013-11-02,Fatima,1,Lutheran St. Charles,2
2013-11-02,Hermann,2,Barat Academy,0
2013-11-02,Ash Grove,0,Fair Grove,2
2013-11-02,El Dorado Springs,2,Liberty (Mountain View),1
2013-11-02,Perryville,0,Lutheran South,2
2013-11-02,O'Hara,1,St. Pius X (Kansas City),2
2013-11-02,St. Joseph's Academy,2,St. Dominic,1
2013-11-02,Carl Junction,2,Logan-Rogersville,0
2013-11-02,Lutheran South,2,Windsor (Imperial),1
2013-11-02,University City,0,Perryville,2
2013-11-02,St. Pius X (Kansas City),2,Grain Valley,1
2013-11-02,Savannah,0,O'Hara,2
2013-11-02,St. Dominic,2,Duchesne,0
2013-11-02,St. Joseph's Academy,2,Villa Duchesne,0
2013-11-02,Reeds Spring,0,Logan-Rogersville,2
2013-11-02,Carl Junction,2,Boonville,0
2013-11-02,St. Joseph's Academy,0,Lafayette (Wildwood),2
2013-11-02,Lee's Summit West,1,Park Hill South,2
2013-11-02,Francis Howell,1,Marquette,2
2013-11-02,Rock Bridge,1,Ozark,2
2013-11-02,Lafayette (Wildwood),2,Oakville,0
2013-11-02,St. Joseph's Academy,2,Farmington,0
2013-11-02,Park Hill South,2,Blue Springs,0
2013-11-02,Liberty,0,Lee's Summit West,2
2013-11-02,Marquette,2,Hazelwood West,0
2013-11-02,Francis Howell,2,Springfield Catholic,1
2013-11-02,Ozark,2,Jefferson City,1
2013-11-02,Republic,1,Rock Bridge,2
2013-11-09,Winona,2,Leopold,0
2013-11-09,Osceola,0,Santa Fe,2
2013-11-09,Hermann,2,St. Pius X (Festus),0
2013-11-09,Fair Grove,1,Summit Christian Academy,2
2013-11-09,Carl Junction,0,St. Joseph's Academy,2
2013-11-09,Lutheran South,0,St. Pius X (Kansas City),2
2013-11-09,Park Hill South,0,Lafayette (Wildwood),2
2013-11-09,Ozark,2,Marquette,0
